Integration_method, Reaction_temperature_C,Pressure_MPa,H2_CO2_ratio,GHSV_mL_gcat_h,catalyst_mass_g,metal_1_atomic,metal_2_atomic,metal_3_atomic,metal_4_atomic,Cu_Metal_atomic_fraction,Surface_area_m2_g,Crystallite_size_nm,acid_component_type,Dimentionality of Zeolite,Si/Al_ratio,Pore_volume_cm3_g,Total_acid_sites_mmol_g,Metal-acid_ratio,CO Selectivity (%)				,DME Selectivity (%)                                ,Methanol Selectivity (%)				,CO2 conversion efficiency (%)
Physical mixing,260,5,3,5000,0.40,29,30,13,,0.636,93.50,4.76,FER,2D,11.7,0.34,0.56,1.79,50.00,43.20,6.70,18.70
Structured or Spatially Integrated Systems,260,5,3,5000,0.40,29,30,13,,0.636,133.20,6.04,FER,2D,11.7,0.33,0.08,12.50,38.80,54.40,6.80,23.10
Physical mixing,260,5,3,5000,0.40,29,30,13,,0.636,222.22,8.07,FER,2D,11.7,0.34,0.24,25.00,41.10,52.20,6.70,18.90
Physical mixing,260,5,3,5000,0.40,29,30,13,,0.636,222.23,8.07,FER,2D,11.7,0.34,0.24,1.79,48.80,46.10,5.00,23.10
Physical mixing,260,5,3,5000,0.40,29,30,13,,0.636,58.70,4.64,FER,NaN,NaN,0.30,0.00,,32.90,0.00,67.10,23.40
Physical mixing,260,3,4,1500,1,29,26,58,,0.636,50.32,22.5,HZSM-5,3D,NaN,0.55,0.6,1.67,30.5,18.3,0.9,12.3
Physical mixing,260,3,4,1500,1,29,26,58,,0.6,56.41,17.6,HZSM-5,3D,NaN,0.65,0.75,1.33,25.4,52,2.1,18.1
Physical mixing,260,3,4,1500,1,29,26,58,,0.6,62.26,14.7,HZSM-5,3D,NaN,0.8,0.85,1.18,23.8,56.9,3.5,18.8
Physical mixing,260,3,4,1500,1,29,26,58,,0.6,67.34,14.3,HZSM-5,3D,NaN,1,1,1,24.8,63.1,5.2,20.9
Physical mixing,260,3,4,1500,1,29,26,58,,0.6,56.6,15.9,HZSM-5,3D,NaN,0.7,0.8,1.25,39.5,50.4,4.6,17.1
Physical mixing,210,2,3,1800,1,29,30,40,,0.5,245.1,17.5,FER,2D,20,0.42,NaN,100,59.8,25.7,14.5,10.8
Physical mixing,230,2,3,1800,1,29,30,40,,0.5,245.1,17.5,FER,2D,20,0.42,NaN,100,58.2,28.5,13.3,14.9
Physical mixing,250,2,3,1800,1,29,30,40,,0.5,245.1,17.5,FER,2D,20,0.42,NaN,100,58.3,28.4,13.3,17.5
Physical mixing,270,2,3,1800,1,29,30,40,,0.5,245.1,17.5,FER,2D,20,0.42,NaN,100,71.1,17.6,11.3,20.2
Physical mixing,290,2,3,1800,1,29,30,40,,0.5,245.1,17.5,FER,2D,20,0.42,NaN,100,83.6,7,9.4,23.5
Physical mixing,210,2,3,1800,1,29,30,40,,0.5,230.1,29.1,FER,2D,20,0.26,NaN,100,53.6,28.5,18.2,8.5
Physical mixing,230,2,3,1800,1,29,30,40,,0.5,230.1,29.1,FER,2D,20,0.26,NaN,100,50.8,25.6,13.6,13.9
Physical mixing,250,2,3,1800,1,29,30,40,,0.5,230.1,29.1,FER,2D,20,0.26,NaN,100,61.6,24.6,13.8,18
Physical mixing,270,2,3,1800,1,29,30,40,,0.5,230.1,29.1,FER,2D,20,0.26,NaN,100,69.9,17.1,13,21.1
Physical mixing,290,2,3,1800,1,29,30,40,,0.5,230.1,29.1,FER,2D,20,0.26,NaN,100,83.9,6.9,9.2,22.4
Physical mixing,210,2,3,1800,1,29,30,40,,0.5,222.5,28.3,FER,2D,20,0.27,NaN,100,45.9,32.3,21.8,6.5
Physical mixing,230,2,3,1800,1,29,30,40,,0.5,222.5,28.3,FER,2D,20,0.27,NaN,100,60.3,23.9,15.8,11.3
Physical mixing,250,2,3,1800,1,29,30,40,,0.5,222.5,28.3,FER,2D,20,0.27,NaN,100,66.2,20.3,13.5,17.4
Physical mixing,270,2,3,1800,1,29,30,40,,0.5,222.5,28.3,FER,2D,20,0.27,NaN,100,72.9,15.6,11.5,20.4
Physical mixing,290,2,3,1800,1,29,30,40,,0.5,222.5,28.3,FER,2D,20,0.27,NaN,100,82.8,6.6,10.6,21.5
Physical mixing,200,4,3,400,3,29,30,13,,NaN,NaN,NaN,HZSM-5,3D,23,NaN,NaN,1,2.3,9.8,4,14
Physical mixing,200,4,3,1300,3,29,30,13,,NaN,NaN,NaN,HZSM-5,3D,23,NaN,NaN,1,1.7,6.5,3.1,8.5
Physical mixing,200,4,3,2600,3,29,30,13,,NaN,NaN,NaN,HZSM-5,3D,23,NaN,NaN,1,1.3,4.8,2.3,6
Physical mixing,220,4,3,400,3,29,30,13,,NaN,NaN,NaN,HZSM-5,3D,23,NaN,NaN,1,3.5,14,5,22
Physical mixing,240,4,3,400,3,29,30,13,,NaN,NaN,NaN,HZSM-5,3D,23,NaN,NaN,1,4.8,18.5,6.5,27.5
Physical mixing,260,4,3,400,3,29,30,13,,NaN,NaN,NaN,HZSM-5,3D,23,NaN,NaN,1,6,20,7,28
Physical mixing,200,4,3,400,3,29,30,13,,NaN,NaN,NaN,HZSM-5,3D,23,NaN,NaN,1,4,12.5,5.2,19.5
Physical mixing,200,4,3,1300,3,29,30,13,,NaN,NaN,NaN,HZSM-5,3D,23,NaN,NaN,1,2.4,7.9,3.8,11.7
Physical mixing,200,4,3,2600,3,29,30,13,,NaN,NaN,NaN,HZSM-5,3D,23,NaN,NaN,1,1.6,5.6,2.8,8.1
Physical mixing,200,4,3,400,3,29,30,13,,NaN,NaN,NaN,HZSM-5,3D,23,NaN,NaN,1,5.5,14.8,6.3,24
Physical mixing,200,4,3,400,3,29,30,13,,NaN,NaN,NaN,HZSM-5,3D,23,NaN,NaN,1,7.8,16.3,7,29.5
Physical mixing,220,4,3,400,3,29,30,13,,NaN,NaN,NaN,HZSM-5,3D,23,NaN,NaN,1,12,16,7.5,38
Physical mixing,240,4,3,400,3,29,30,13,,NaN,NaN,NaN,HZSM-5,3D,23,NaN,NaN,1,18,17.5,9,52
Physical mixing,260,4,3,400,3,29,30,13,,NaN,NaN,NaN,HZSM-5,3D,23,NaN,NaN,1,17,18,8,41
Coprecipitation,260,3,3,8800,NaN,29,30,40,,0.6,313,4.2,HZSM-5,3D,NaN,0.042,0.032,1.88,62,0,38,9.5
Coprecipitation,260,3,3,8800,NaN,29,30,40,,0.6,248,7.5,HZSM-5,3D,33,0.043,0.717,0.84,52,34,14,14.2
Coprecipitation,260,3,3,8800,NaN,29,30,40,,0.61,339,8.7,FAU,3D,4,0.071,1.602,0.38,58,28,14,12.8
Coprecipitation,260,3,3,8800,NaN,29,30,40,,0.59,267,10.6,FER,2D,10,0.052,0.733,0.8,50,35,15,15
Coprecipitation,260,3,3,8800,NaN,29,30,40,,0.6,277,5.8,BEA,3D,25,0.059,1.142,0.53,53,33,14,13.6
Coprecipitation,260,3,3,8800,NaN,29,30,40,,0.6,242,6.2,MOR,1D,10,0.072,0.893,0.67,47,38,15,16.1
Coprecipitation,275,2.5,3,13300,1.5,29,30,40,,0.3,311,8.2,FER,2D,10,0.052,0.81,0.37,34.8,46.9,18.3,11.9
Wet impregnation,275,2.5,3,13300,1.5,29,30,40,,0.3,302,18.4,FER,2D,10,0.049,0.767,0.39,27.9,52.7,19.4,13.1
Physical mixing,275,2.5,3,13300,1.5,29,30,40,,0.3,337,10.1,FER,2D,10,0.061,0.405,0.74,45.1,32.6,22.3,15.2
Coprecipitation,275,2.5,3,13300,1.5,29,30,40,,0.45,210,7.1,FER,2D,10,0.041,0.813,0.55,59.6,25.4,15,21.8
Physical mixing,220,3,3,1500,3,29,30,13,,0.6,331,6.2,SBA-15,2D,10,0.87,0.792,0.758,6.1,60,12.3,18
Physical mixing,240,3,3,1500,3,29,30,13,,0.6,331,6.2,SBA-15,2D,10,0.87,0.792,0.758,6.9,73.1,10.4,22.5
Physical mixing,260,3,3,1500,3,29,30,13,,0.6,331,6.2,SBA-15,2D,10,0.87,0.792,0.758,12,58.2,14.1,21
Physical mixing,300,3,3,1500,3,29,30,13,,0.6,331,6.2,SBA-15,2D,10,0.87,0.792,0.758,18.4,45,16.8,19.2
Physical mixing,240,3,3,10000,NaN,29,30,40,,0.57,316,11,HZSM-5,3D,25,0.084,0.515,1.11,51.3,37.1,11.6,11.8
Physical mixing,240,3,3,10000,NaN,29,30,40,,0.57,316,11,HZSM-5,3D,25,0.084,0.515,1.11,50,37.6,12.4,15.4
Coprecipitation,240,3,3,10000,NaN,29,30,40,,0.57,316,22.5,HZSM-5,3D,25,0.084,0.515,1.11,51.6,38.5,9.9,15.9
Coprecipitation,240,3,3,2500,NaN,29,30,40,,0.57,316,22.5,HZSM-5,3D,25,0.084,0.515,1.11,44.9,44.6,10.5,19.3
Coprecipitation,240,5,3,2500,NaN,29,30,40,,0.57,316,22.5,HZSM-5,3D,25,0.084,0.515,1.11,24.5,49.3,25.5,23.6
Coprecipitation,200,5,3,8800,NaN,29,30,40,,0.6,182,8,FER,2D,7,0.335,0.381,1.575,20,80,5,6
Coprecipitation,240,5,3,8800,NaN,29,30,40,,0.6,182,8,FER,2D,7,0.335,0.381,1.575,39,52,9,20
Coprecipitation,280,5,3,8800,NaN,29,30,40,,0.6,182,8,FER,2D,7,0.335,0.381,1.575,24,62,14,29
Coprecipitation,200,5,3,8800,NaN,29,30,40,,0.6,217,8,MOR,1D,7,0.372,0.197,3.046,21,78,5,6
Coprecipitation,240,5,3,8800,NaN,29,30,40,,0.6,217,8,MOR,1D,7,0.372,0.197,3.046,39,51,9,18
Coprecipitation,280,5,3,8800,NaN,29,30,40,,0.6,217,8,MOR,1D,7,0.372,0.197,3.046,37,50,12,24
Coprecipitation,200,5,3,8800,NaN,29,30,40,,0.6,217,8,MOR,1D,21,0.372,0.197,3.05,21.3,78,0.7,5.2
Coprecipitation,220,5,3,8800,NaN,29,30,40,,0.6,217,8,MOR,1D,21,0.372,0.197,3.05,34.5,60.8,4.7,11.2
Coprecipitation,240,5,3,8800,NaN,29,30,40,,0.6,217,8,MOR,1D,21,0.372,0.197,3.05,39.5,51,9.5,17.1
Coprecipitation,260,5,3,8800,NaN,29,30,40,,0.6,217,8,MOR,1D,21,0.372,0.197,3.05,38.1,50.8,11.2,23.2
Coprecipitation,200,5,3,8800,NaN,29,30,40,,0.6,182,8,FER,2D,6,0.335,0.381,1.57,20.2,79.6,0.2,5.6
Coprecipitation,220,5,3,8800,NaN,29,30,40,,0.6,182,8,FER,2D,6,0.335,0.381,1.57,33.5,63.4,3.1,11.7
Coprecipitation,240,5,3,8800,NaN,29,30,40,,0.6,182,8,FER,2D,6,0.335,0.381,1.57,39,52.4,8.6,20
Coprecipitation,260,5,3,8800,NaN,29,30,40,,0.6,182,8,FER,2D,6,0.335,0.381,1.57,31.5,55.7,12.8,26
Coprecipitation,200,5,3,8800,NaN,29,30,40,,0.6,225,9,HZSM-5,3D,36,0.374,0.138,4.35,22.3,71,6.7,4.2
Coprecipitation,220,5,3,8800,NaN,29,30,40,,0.6,225,9,HZSM-5,3D,36,0.374,0.138,4.35,36,51.9,12.1,10.3
Coprecipitation,240,5,3,8800,NaN,29,30,40,,0.6,225,9,HZSM-5,3D,36,0.374,0.138,4.35,45.6,42.7,11.7,16.9
Coprecipitation,260,5,3,8800,NaN,29,30,40,,0.6,225,9,HZSM-5,3D,36,0.374,0.138,4.35,46.6,40.5,12.9,21.3
Coprecipitation,220,5,3,8800,NaN,29,30,40,,0.6,293,8,FER,2D,20,0.256,0.451,0.5,22,63,15,8.5
Coprecipitation,240,5,3,8800,NaN,29,30,40,,0.6,293,8,FER,2D,20,0.256,0.451,0.5,30,55,15,14
Coprecipitation,260,5,3,8800,NaN,29,30,40,,0.6,293,8,FER,2D,20,0.256,0.451,0.5,38,47,15,19
Coprecipitation,220,5,3,8800,NaN,29,30,40,,0.6,237,9,FER,2D,20,0.258,0.247,1,25,60,15,10
Coprecipitation,240,5,3,8800,NaN,29,30,40,,0.6,237,9,FER,2D,20,0.258,0.247,1,33,52,15,17
Coprecipitation,260,5,3,8800,NaN,29,30,40,,0.6,237,9,FER,2D,20,0.258,0.247,1,40,45,15,22
Coprecipitation,220,5,3,8800,NaN,29,30,40,,0.6,175,13,FER,2D,20,0.267,0.145,4.14,28,58,14,11.5
Coprecipitation,240,5,3,8800,NaN,29,30,40,,0.6,175,13,FER,2D,20,0.267,0.145,4.14,38,45,17,19.5
Coprecipitation,260,5,3,8800,NaN,29,30,40,,0.6,175,13,FER,2D,20,0.267,0.145,4.14,38,45,15,23.6
Wet impregnation,220,5,3,8800,NaN,29,30,40,,0.6,250,18,FER,2D,20,0.173,0.456,0.5,18,67,15,6
Wet impregnation,240,5,3,8800,NaN,29,30,40,,0.6,250,18,FER,2D,20,0.173,0.456,0.5,25,60,15,10
Wet impregnation,260,5,3,8800,NaN,29,30,40,,0.6,250,18,FER,2D,20,0.173,0.456,0.5,33,52,15,14
Wet impregnation,220,5,3,8800,NaN,29,30,40,,0.6,138,23,FER,2D,20,0.114,0.115,2,15,70,15,3
Wet impregnation,240,5,3,8800,NaN,29,30,40,,0.6,138,23,FER,2D,20,0.114,0.115,2,22,63,15,5
Wet impregnation,260,5,3,8800,NaN,29,30,40,,0.6,138,23,FER,2D,20,0.114,0.115,2,30,55,15,6
Physical mixing,250,3,3,3000,2,29,30,13,,0.6,59.6,NaN,HZSM-5,3D,38,0.047,0.00627,95.7,77.2,16,6.8,11.7
Physical mixing,250,3,3,3000,2,29,30,13,,0.6,63.2,NaN,HZSM-5,3D,38,0.056,0.00966,62.1,76.3,17.3,6.4,25.1
Physical mixing,250,3,3,3000,2,29,30,13,,0.6,77.4,NaN,HZSM-5,3D,38,0.11,0.01205,49.8,24.6,71.2,4.3,43.8
Physical mixing,250,3,3,3000,2,29,30,13,,0.6,83.5,NaN,HZSM-5,3D,38,0.13,0.00767,78.2,60.1,30.6,9.2,34.6
Physical mixing,250,3,3,3000,2,29,30,13,,0.6,119.9,NaN,HZSM-5,3D,38,0.133,0.01034,58,57.4,37.2,5.5,40.5
Physical mixing,250,3,3,3000,2,29,30,13,,0.6,107.7,NaN,HZSM-5,3D,38,0.076,0.00622,96.5,86,27.9,13.8,29.5
Coprecipitation,180,3,3,10000,0.25,29,30,40,,0.492,305,14,HZSM-5,3D,30,0.281,0.379,1.3,41,48,11,9.1
Coprecipitation,200,3,3,10000,0.25,29,30,40,,0.492,305,14,HZSM-5,3D,30,0.281,0.379,1.3,39,46,15,13.8
Coprecipitation,220,3,3,10000,0.25,29,30,40,,0.492,305,14,HZSM-5,3D,30,0.281,0.379,1.3,37,44,19,17.5
Coprecipitation,240,3,3,10000,0.25,29,30,40,,0.492,305,14,HZSM-5,3D,30,0.281,0.379,1.3,35,41,24,21.2
Physical mixing,260,3,5,1500,1,29,26,,,0.6,94.24,34,HZSM-5,3D,150,0.4,NaN,NaN,36.8,24,0.8,6.3
Physical mixing,260,3,5,1500,1,29,26,40,,0.6,107.22,34,HZSM-5,3D,150,0.4,NaN,NaN,7.8,64.5,14.8,28.4
Physical mixing,260,3,5,1500,1,29,26,40,,0.6,102.04,34,HZSM-5,3D,150,0.4,NaN,NaN,20.3,60.7,3.2,15.2
Physical mixing,260,3,5,1500,1,29,26,40,,0.6,92.62,34,HZSM-5,3D,150,0.4,NaN,NaN,25.1,46.1,3.2,11.2
Physical mixing,240,3,5,1500,1,29,26,40,,0.6,107.22,34,HZSM-5,3D,150,0.4,NaN,NaN,12,55,14.6,23
Physical mixing,280,3,5,1500,1,29,26,40,,0.6,107.22,34,HZSM-5,3D,150,0.4,NaN,NaN,18,47.5,29.8,26
Physical mixing,260,2,5,1500,1,29,26,40,,0.6,107.22,34,HZSM-5,3D,150,0.4,NaN,NaN,10,60,18,17.6
Physical mixing,260,3.5,5,1500,1,29,26,40,,0.6,107.22,34,HZSM-5,3D,150,0.4,NaN,NaN,14,55,22,22
Physical mixing,260,3,5,2000,1,29,26,40,,0.6,107.22,34,HZSM-5,3D,150,0.4,NaN,NaN,15,62,17,26
Physical mixing,260,3,5,3000,1,29,26,40,,0.6,107.22,34,HZSM-5,3D,150,0.4,NaN,NaN,58.5,20,22.3,18
Physical mixing,260,3,3,2400,0.5,29,30,,,NaN,67.3,12.6,HZSM-5,3D,NaN,0.063,NaN,NaN,45,33,12,18
In-situ introduction,260,3,3,2400,0.5,29,30,,,NaN,78.3,12.8,HZSM-5,3D,NaN,0.079,NaN,NaN,52,38,10,25
In-situ + NH₃,260,3,3,2400,0.5,29,30,,,NaN,79.8,10.8,HZSM-5,3D,NaN,0.091,NaN,NaN,49,44,7,27
In-situ + NH₃-citric acid,220,3,3,2400,0.5,29,30,,,NaN,77.8,10.3,HZSM-5,3D,NaN,0.089,NaN,NaN,65,30,5,22
In-situ + NH₃-citric acid,240,3,3,2400,0.5,29,30,,,NaN,77.8,10.3,HZSM-5,3D,NaN,0.089,NaN,NaN,55,42,8,27
In-situ + NH₃-citric acid,260,3,3,2400,0.5,29,30,,,NaN,77.8,10.3,HZSM-5,3D,NaN,0.089,NaN,NaN,40,50.6,9,31.2
In-situ + NH₃-citric acid,280,3,3,2400,0.5,29,30,,,NaN,77.8,10.3,HZSM-5,3D,NaN,0.089,NaN,NaN,35,40,12,29
Coprecipitation,220,3,3,8800,NaN,29,30,40,,0.6,217,40,FER,2D,7,0.052,0.5,1.2,32.4,53.2,14.4,10.7
Coprecipitation,240,3,3,8800,NaN,29,30,40,,0.6,217,40,FER,2D,7,0.052,0.5,1.2,45.1,41.6,13.3,17.4
Coprecipitation,260,3,3,8800,NaN,29,30,40,,0.6,217,40,FER,2D,7,0.052,0.5,1.2,47.5,38.5,14,22
Coprecipitation,220,3,3,8800,NaN,29,30,40,,0.6,187,41,FER,2D,24,0.051,0.32,1.88,33,51.3,15.7,10.3
Coprecipitation,240,3,3,8800,NaN,29,30,40,,0.6,187,41,FER,2D,24,0.051,0.32,1.88,44.6,41.4,14,17
Coprecipitation,260,3,3,8800,NaN,29,30,40,,0.6,187,41,FER,2D,24,0.051,0.32,1.88,47.7,38,14.3,21.9
Coprecipitation,220,3,3,8800,NaN,29,30,40,,0.6,198,48,FER,2D,47,0.054,0.29,2.07,32.3,51.8,15.9,10.2
Coprecipitation,240,3,3,8800,NaN,29,30,40,,0.6,198,48,FER,2D,47,0.054,0.29,2.07,45.1,41.1,13.8,16.8
Coprecipitation,260,3,3,8800,NaN,29,30,40,,0.6,198,48,FER,2D,47,0.054,0.29,2.07,48.3,37.6,14.1,21.6
Coprecipitation,220,3,3,8800,NaN,29,30,40,,0.6,196,40,FER,2D,8,0.047,0.72,0.83,28.4,56.2,15.4,9.2
Coprecipitation,240,3,3,8800,NaN,29,30,40,,0.6,196,40,FER,2D,8,0.047,0.72,0.83,43.3,42.8,13.9,15
Coprecipitation,260,3,3,8800,NaN,29,30,40,,0.6,196,40,FER,2D,8,0.047,0.72,0.83,51.4,35.3,13.3,21
Solid-state synthesis ,250,3,3,3600,0.5,29,30,40,,NaN,80.5,13.8,HZSM-5,3D,38,0.277,NaN,NaN,23.8,67.6,8.6,22.2
Solid-state synthesis ,250,3,3,3600,0.5,29,30,40,,NaN,61,17.2,HZSM-5,3D,38,0.186,NaN,NaN,27.7,63.4,8.9,21.3
Solid-state synthesis ,250,3,3,3600,0.5,29,30,40,,NaN,52.2,17.3,HZSM-5,3D,38,0.175,NaN,NaN,27.7,63.3,9,20.9
Solid-state synthesis ,250,3,3,3600,0.5,29,30,40,,NaN,41.5,19.3,HZSM-5,3D,38,0.154,NaN,NaN,32.2,59.1,8.7,19.6
Physical mixing,260,1,3,3000,0.1,29,30,13,,0.45,123.1,8.5,SAPO-34,3D,0.5,NaN,0.17,NaN,70.9,54.5,45.5,19.8
Physical mixing,240,1,3,3000,0.1,29,30,13,,0.45,123.1,8.5,SAPO-34,3D,0.5,NaN,0.17,NaN,73.1,52,48,14.5
Physical mixing,220,1,3,3000,0.1,29,30,13,,0.45,123.1,8.5,SAPO-34,3D,0.5,NaN,0.17,NaN,51.2,52,48,13.1
Physical mixing,260,1,3,3000,0.1,29,30,40,,0.46,79.1,14.8,SAPO-34,3D,0.5,NaN,0.06,NaN,97.8,51,49,17.7
Physical mixing,240,1,3,3000,0.1,29,30,40,,0.46,79.1,14.8,SAPO-34,3D,0.5,NaN,0.06,NaN,93.7,55.4,45.5,12
Physical mixing,220,1,3,3000,0.1,29,30,40,,0.46,79.1,14.8,SAPO-34,3D,0.5,NaN,0.06,NaN,92.2,61.4,38.6,9.8
Physical mixing,260,1,3,3000,0.1,29,30,58,,0.44,133.5,17.5,SAPO-34,3D,0.5,NaN,0.03,NaN,87.9,59,40.9,9
Physical mixing,240,1,3,3000,0.1,29,30,58,,0.44,133.5,17.5,SAPO-34,3D,0.5,NaN,0.03,NaN,80,60.8,39.1,4.8
Physical mixing,220,1,3,3000,0.1,29,30,58,,0.44,133.5,17.5,SAPO-34,3D,0.5,NaN,0.03,NaN,55.4,60.5,39.2,4.7
Physical mixing,260,3,3,2400,0.5,29,13,,,NaN,98.2,14.5,HZSM-5,3D,NaN,0.108,NaN,NaN,85,15,0,10
Physical mixing,260,3,3,2400,0.5,29,30,13,,NaN,90.7,10.5,HZSM-5,3D,NaN,0.084,NaN,NaN,45,35,20,22
Physical mixing,260,3,3,2400,0.5,29,30,13,,NaN,96.9,2.5,HZSM-5,3D,NaN,0.162,NaN,NaN,25,48,27,28
Physical mixing,260,3,3,2400,0.5,29,30,13,,NaN,95.1,4.6,HZSM-5,3D,NaN,0.131,NaN,NaN,35,30,35,20
Physical mixing,260,3,3,2400,0.5,29,30,13,,NaN,64.6,8.3,HZSM-5,3D,NaN,0.063,NaN,NaN,40,32,28,24
Physical mixing,220,3,3,2400,0.5,29,30,13,,NaN,96.9,2.5,HZSM-5,3D,NaN,0.162,NaN,NaN,20,40,40,18
Physical mixing,240,3,3,2400,0.5,29,30,13,,NaN,96.9,2.5,HZSM-5,3D,NaN,0.162,NaN,NaN,22,45,33,23
Physical mixing,280,3,3,2400,0.5,29,30,13,,NaN,96.9,2.5,HZSM-5,3D,NaN,0.162,NaN,NaN,35,38,27,30
in-situ grown hybrid,250,5,3,2400,1,29,30,40,13,NaN,211.3,16,HZSM-5,3D,20.1,0.1,NaN,NaN,24.3,75.7,3.1,34.1
in-situ grown hybrid,250,3,3,2400,1,29,30,40,13,NaN,211.3,16,HZSM-5,3D,20.1,0.1,NaN,NaN,30.2,69.8,2.3,8.6
in-situ grown hybrid,225,3,3,2400,1,29,30,40,13,NaN,211.3,16,HZSM-5,3D,20.1,0.1,NaN,NaN,15,72,13,6.5
in-situ grown hybrid,275,3,3,2400,1,29,30,40,13,NaN,211.3,16,HZSM-5,3D,20.1,0.1,NaN,NaN,38,55,7,10
in-situ grown hybrid,250,5,3,2400,1,29,30,40,13,NaN,211.3,16,HZSM-5,3D,20.1,0.1,NaN,NaN,24,68,8,33
Coprecipitation,260,3,3,1500,1,29,30,,,NaN,NaN,NaN,HZSM-5,3D,38,NaN,NaN,NaN,67.35,25.41,5.34,16.06
Coprecipitation,260,3,3,1500,1,29,30,,,NaN,NaN,NaN,HZSM-5,3D,38,NaN,NaN,NaN,63.14,27.04,8.03,16.44
Coprecipitation,260,3,3,1500,1,29,30,,,NaN,NaN,NaN,HZSM-5,3D,38,NaN,NaN,NaN,56.16,36.71,5.23,17.71
Coprecipitation,260,3,3,1500,1,29,30,,,NaN,NaN,NaN,HZSM-5,3D,38,NaN,NaN,NaN,55.22,37.73,5.22,17.46
Coprecipitation,260,3,3,1500,1,29,30,,,NaN,NaN,NaN,HZSM-5,3D,38,NaN,NaN,NaN,53.7,38.42,6.01,18.06
Coprecipitation,260,3,3,1500,1,29,30,,,NaN,NaN,NaN,HZSM-5,3D,38,NaN,NaN,NaN,47.8,47.8,1.7,19.2
Coprecipitation,260,3,3,1500,1,29,30,,,NaN,NaN,NaN,HZSM-5,3D,38,NaN,NaN,NaN,53.49,39.35,5.15,18.16
Coprecipitation,260,3,3,1500,1,29,30,13,,NaN,133.4,14.4,HZSM-5,3D,38,0.028,NaN,NaN,33.1,61.6,2.6,22.9
Coprecipitation,260,3,3,1500,1,29,30,13,,NaN,134.1,11.4,HZSM-5,3D,38,0.031,NaN,NaN,26.5,64.3,5.5,23
Coprecipitation,260,3,3,1500,1,29,30,13,,NaN,161.2,10.9,HZSM-5,3D,38,0.037,NaN,NaN,25.5,67.1,3.9,27.3
Coprecipitation,240,3,3,1500,1,29,30,13,,NaN,161.2,10.9,HZSM-5,3D,38,0.037,NaN,NaN,26,66,8,19.5
Coprecipitation,280,3,3,1500,1,29,30,13,,NaN,161.2,10.9,HZSM-5,3D,38,0.037,NaN,NaN,40,52,8,21
Physical mixing,260,5,3,3000,0.5,29,30,13,,NaN,195,NaN,HZSM-5,3D,60,NaN,NaN,NaN,33,65,2,29
Physical mixing,260,5,3,3000,0.5,29,30,13,,NaN,195,NaN,HZSM-5,3D,60,NaN,NaN,NaN,42,53,5,19
Physical mixing,260,5,3,3000,0.5,29,30,13,,NaN,119,NaN,Al2O3,,NaN,NaN,NaN,NaN,82,3,15,15
Physical mixing,260,5,3,3000,0.5,29,30,13,,NaN,119,NaN,Al2O3,,NaN,NaN,NaN,NaN,58,4,38,7
Physical mixing,270,3,3,1800,1,29,30,13,,NaN,121.7,NaN,HZSM-5,3D,50,0.35,NaN,NaN,22,27,22,23
Sequential coating,270,3,3,1800,1,29,30,13,,NaN,159.2,NaN,HZSM-5,3D,50,0.46,NaN,NaN,30,35,35,30
Core–shell capsule,270,3,3,1800,1,29,30,13,,NaN,165.6,35,HZSM-5,3D,20.5,0.48,NaN,NaN,23,48.5,28,48.3
Core–shell capsule,230,3,3,1800,1,29,30,13,,NaN,165.6,35,HZSM-5,3D,20.5,0.48,NaN,NaN,17,30,30,25
Core–shell capsule,250,3,3,1800,1,29,30,13,,NaN,165.6,35,HZSM-5,3D,20.5,0.48,NaN,NaN,19,40,35,40
Core–shell capsule,280,3,3,1800,1,29,30,13,,NaN,165.6,35,HZSM-5,3D,20.5,0.48,NaN,NaN,19,38,33,42
Core–shell capsule,270,2,3,1800,1,29,30,13,,NaN,165.6,35,HZSM-5,3D,20.5,0.48,NaN,NaN,20,25,25,13.6
Core–shell capsule,270,4,3,1800,1,29,30,13,,NaN,165.6,35,HZSM-5,3D,20.5,0.48,NaN,NaN,22,44,28,47
Physical mixing,275,3,3,3000,0.5,29,30,13,,NaN,177,NaN,SAPO-18,3D,NaN,0.161,0.15,NaN,5,82,13,0
Physical mixing,275,3,2.4,3000,0.5,29,30,13,,NaN,177,NaN,SAPO-18,3D,NaN,0.161,0.15,NaN,6,79,15,0
Physical mixing,275,3,2,3000,0.5,29,30,13,,NaN,177,NaN,SAPO-18,3D,NaN,0.161,0.15,NaN,8,75,17,6.8
Physical mixing,275,3,1.7,3000,0.5,29,30,13,,NaN,177,NaN,SAPO-18,3D,NaN,0.161,0.15,NaN,9,73,18,7.3
Physical mixing,275,3,2.3,3000,0.5,29,30,13,,NaN,177,NaN,SAPO-18,3D,NaN,0.161,0.15,NaN,7,80,13,5
Physical mixing,275,3,2,3000,0.5,29,30,13,,NaN,177,NaN,SAPO-18,3D,NaN,0.161,0.15,NaN,8,77,15,8.5
Physical mixing,275,3,1.8,3000,0.5,29,30,13,,NaN,177,NaN,SAPO-18,3D,NaN,0.161,0.15,NaN,9,75,16,9.8
Physical mixing,240,3,3,2400,NaN,29,30,40,,0.582,15.8,21.4,HZSM-5,3D,34,0.04,1.87,0.311,39,38,23,7.6
Physical mixing,240,3,3,2400,NaN,29,30,40,,0.554,22.5,18.4,HZSM-5,3D,34,0.04,1.5,0.369,26,48,27,9.8
Physical mixing,240,3,3,2400,NaN,29,30,40,,0.513,31.1,14.5,HZSM-5,3D,34,0.04,1.36,0.377,15,58,27,11.2
Physical mixing,240,3,3,2400,NaN,29,30,40,,0.481,38.6,12.3,HZSM-5,3D,34,0.04,1,0.481,20,53,27,10.7
Physical mixing,220,3,3,2400,NaN,29,30,40,,0.513,31.1,14.5,HZSM-5,3D,34,0.04,1.36,0.377,38,38,31,8
Physical mixing,260,3,3,2400,NaN,29,30,40,,0.513,31.1,14.5,HZSM-5,3D,34,0.04,1.36,0.377,15,60,27,11.2
Physical mixing,280,3,3,2400,NaN,29,30,40,,0.513,31.1,14.5,HZSM-5,3D,34,0.04,1.36,0.377,25,55,18,15
Physical mixing,260,3,4,NaN,NaN,29,26,,,0.6,50.32,22.5,HZSM-5,3D,300,NaN,NaN,NaN,30.5,18.3,0.9,12.3
Physical mixing,260,3,4,NaN,NaN,29,26,40,,0.6,52.37,19.3,HZSM-5,3D,300,NaN,NaN,NaN,21.3,39.9,1.9,17.3
Physical mixing,260,3,4,NaN,NaN,29,26,57,,0.6,52.55,19.1,HZSM-5,3D,300,NaN,NaN,NaN,30.3,51.3,1.5,17.2
Physical mixing,260,3,4,NaN,NaN,29,26,58,,0.6,56.41,17.6,HZSM-5,3D,300,NaN,NaN,NaN,25.4,52,2.1,18.1
Coprecipitation,240,3,3,9000,0.25,29,30,40,,NaN,251,4,HZSM-5,3D,30,0.266,0.37,NaN,65,0,35,6
Dualbed,240,3,3,9000,0.25,29,30,40,,NaN,223,4,HZSM-5,3D,30,0.173,1.2,NaN,42,18,40,9
Physical mixing,240,3,3,9000,0.25,29,30,40,,NaN,223,6.2,HZSM-5,3D,30,0.173,1.06,NaN,48,22,30,7.5
Physical mixing,240,3,3,9000,0.25,29,30,40,,NaN,245,4,HZSM-5,3D,30,0.313,1.01,NaN,34,48,18,13.6
Physical mixing,270,3,3,9000,0.25,29,30,40,,NaN,245,4,HZSM-5,3D,30,0.313,1.01,NaN,45,32,23,23
Physical mixing,220,5,3,9000,0.25,29,30,40,,NaN,245,4,HZSM-5,3D,30,0.313,1.01,NaN,36,49,15,10.2
Physical mixing,220,0.1,3,9000,0.25,29,30,40,,NaN,245,4,HZSM-5,3D,30,0.313,1.01,NaN,93,5,2,3.1
Physical mixing,220,3,3,18000,0.25,29,30,40,,NaN,245,4,HZSM-5,3D,30,0.313,1.01,NaN,30,52,18,6
Physical mixing,220,3,3,36000,0.25,29,30,40,,NaN,245,4,HZSM-5,3D,30,0.313,1.01,NaN,24,59,17,2.4
Coprecipitation,260,3,3,8800,NaN,29,30,40,,NaN,180,10,HZSM-5,3D,10000,0.047,0.032,NaN,85,0,15,15
Coprecipitation,260,3,3,8800,NaN,29,30,40,,NaN,185,8,HZSM-5,3D,40,0.055,0.717,NaN,55,30,15,18
Coprecipitation,260,3,3,8800,NaN,29,30,40,,NaN,210,12,FAU,3D,5,0.071,1.602,NaN,60,25,15,13
Coprecipitation,260,3,3,8800,NaN,29,30,40,,NaN,195,15,FER,2D,20,0.062,0.733,NaN,50,35,15,16
Coprecipitation,260,3,3,8800,NaN,29,30,40,,NaN,205,10,BEA,3D,25,0.066,1.142,NaN,52,33,15,17
Coprecipitation,260,3,3,8800,NaN,29,30,40,,NaN,200,9,MOR,1D,15,0.068,0.893,NaN,45,40,15,20
Single metal catalyst,260,3,3,8800,NaN,29,30,40,,NaN,162,11,NaN,NaN,NaN,NaN,NaN,NaN,60,0,40,18
Dualbed,260,3,3,8800,NaN,29,30,40,,NaN,217,4,FER,2D,10,0.052,0.5,NaN,50,25,25,18
Physical mixing,260,3,3,8800,NaN,29,30,40,,NaN,217,4,FER,2D,10,0.052,0.5,NaN,45,35,20,20
Hybrid single grain,260,3,3,8800,NaN,29,30,40,,NaN,217,4,FER,2D,10,0.052,0.5,NaN,40,40,20,22
Physical mixing,250,3,2.77,1500,1,29,30,40,,NaN,49.1,NaN,HZSM-5,3D,38,NaN,NaN,NaN,36.3,49.9,13.3,11.93
Physical mixing,250,3,2.77,1500,1,29,22,40,,NaN,118.3,NaN,HZSM-5,3D,38,NaN,NaN,NaN,37.1,48.1,13.3,12.93
Physical mixing,250,3,2.77,1500,1,29,22,40,,NaN,126.2,NaN,HZSM-5,3D,38,NaN,NaN,NaN,39.2,47.5,13,15.6
Physical mixing,250,3,2.77,1500,1,29,22,40,,NaN,80.9,NaN,HZSM-5,3D,38,NaN,NaN,NaN,44.4,41.5,12.7,11.88
Physical mixing,250,3,2.77,1500,1,29,22,,,NaN,23,NaN,HZSM-5,3D,38,NaN,NaN,NaN,74.8,17.3,7.9,11.31
Coprecipitation,200,2,3,400,3,29,30,,,0.5,50.5,5.9,NaN,NaN,NaN,0.31,NaN,NaN,5,0,75,6
Sequential precipitation,230,2,3,400,3,29,30,,,0.5,50.5,5.9,NaN,NaN,NaN,0.31,NaN,NaN,7,0,65,8
Fixed-bed,260,2,3,400,3,29,30,,,0.5,50.5,5.9,NaN,NaN,NaN,0.31,NaN,NaN,12,0,50,11
Fixed-bed,260,2,3,200,4.5,29,30,,,0.33,150.5,5.1,HZSM-5,3D,NaN,0.33,156.5,NaN,10,55,10,12
Fixed-bed,260,2,3,200,4.5,29,30,,,0.33,150.5,5.1,HZSM-5,3D,NaN,0.33,156.5,NaN,8,60,7,13
Fixed-bed,260,2,3,200,4.5,29,30,,,0.33,150.5,5.1,HZSM-5,3D,NaN,0.33,156.5,NaN,10,65,5,13
Fixed-bed,260,2,3,200,4.5,29,30,,,0.17,233.2,4.1,HZSM-5,3D,NaN,0.19,224.6,NaN,12,60,6,11
Coprecipitation,260,2,3,4600,0.25,29,30,,,0.5,41,12,NaN,NaN,NaN,NaN,NaN,NaN,65,0,35,6
Sequential precipitation,260,2,3,4600,0.25,29,30,,,0.5,183,8,HZSM-5,3D,30,NaN,NaN,NaN,30,45,25,13
Sequential impregnation,260,2,3,4600,0.25,29,30,,,0.5,192,7,HZSM-5,3D,30,NaN,NaN,NaN,25,50,25,14
Electrospun fiber,260,2,3,4600,0.25,29,30,,,0.5,26,28,HZSM-5,3D,30,NaN,NaN,NaN,20,55,25,12
Electrospun fiber,260,2,3,4600,0.25,29,30,,,0.5,132,12,HZSM-5,3D,30,NaN,NaN,NaN,22,60,18,14
Physical mixing,260,2,3,4600,0.25,29,30,,,0.5,91.8,22,HZSM-5,3D,30,NaN,NaN,NaN,18,65,17,15
Single-pot _electrospun,260,2,3,4600,0.25,29,30,,,0.5,105,20,HZSM-5,3D,30,NaN,NaN,NaN,15,68,17,15
Physical mixing,240,2.76,3,1440,1,29,30,13,,0.6,175,5.7,HZSM-5,3D,38,0.18,0.13,NaN,22,68,10,27
Physical mixing,240,2.76,3,1800,0.8,29,30,13,,0.6,175,5.7,HZSM-5,3D,38,0.18,0.078,NaN,23,67,10,26
Physical mixing,240,2.76,3,2400,0.6,29,30,13,,0.6,175,5.7,HZSM-5,3D,38,0.18,0.026,NaN,25,62,13,27
Physical mixing,240,2.76,3,2770,0.55,29,30,13,,0.6,175,5.7,HZSM-5,3D,38,0.18,0.013,NaN,28,45,27,27
Dualbed,240,5,3,3600,0.5,29,30,13,,0.667,55.9,12,NaN,NaN,NaN,0.1,NaN,NaN,32,0,66,23.6
Dualbed,240,5,3,3600,1,29,30,13,,0.667,396.4,12,HZSM-5,3D,21.8,0.42,0.822,0.81,52.7,35.8,10.8,24
Dualbed,240,5,3,3600,1,29,30,13,,0.667,418.5,12,HZSM-5,3D,14.3,0.41,0.854,0.78,50.1,38.3,10.1,23.5
Dualbed,240,5,3,3600,1,29,30,13,,0.667,422.7,12,HZSM-5,3D,13.7,0.43,0.835,0.8,47.5,40.8,10.1,23.1
Dualbed,240,5,3,3600,1,29,30,13,,0.667,432.4,12,HZSM-5,3D,27.7,0.42,0.711,0.94,45.4,43.8,8.3,23.7
Dualbed,240,5,3,3600,1,29,30,13,,0.667,464.8,12,HZSM-5,3D,19.1,0.51,0.773,0.86,40.6,48.9,7.5,23.4
Dualbed,240,5,3,3600,1,29,30,13,,0.667,499.3,12,HZSM-5,3D,20.1,0.53,0.794,0.84,39.8,47.5,8.1,23.8
Dualbed,240,5,3,3600,1,29,30,13,,0.667,442.5,12,HZSM-5,3D,52.2,0.44,0.545,1.22,41.1,46.3,8.9,23.3
Dualbed,240,5,3,3600,1,29,30,13,,0.667,495.5,12,HZSM-5,3D,38.4,0.64,0.65,1.05,33.1,58.6,6.5,23.5
Dualbed,240,5,3,3600,1,29,30,13,,0.667,488.3,12,HZSM-5,3D,36.6,0.68,0.69,0.99,32.4,59.9,5.4,24.1
Physical mixing,260,3,3,1200,0.5,29,30,40,,0.538,NaN,NaN,NaN,NaN,NaN,NaN,NaN,NaN,55,0,45,20
Physical mixing,260,3,3,1200,0.5,29,30,40,13,0.538,369,NaN,SBA-15,2D,6.76,0.915,0.15,2,40,35,25,21
Physical mixing,260,3,3,1200,0.5,29,30,40,13,0.538,592,NaN,SBA-15,2D,17.23,1.038,0.132,2,30,54.7,15,24.24
Physical mixing,260,3,3,1200,0.5,29,30,40,13,0.538,806,NaN,SBA-15,2D,25.93,1.196,0.09,2,35,45,20,22
Physical mixing,260,3,3,1200,0.5,29,30,40,13,0.538,NaN,NaN,HZSM-5,3D,85,NaN,NaN,2,38,49.5,12,22
Single-bed,300,5,3,1450,0.6,29,30,13,,0.484,131,10,Al2O3,,,0.32,0.2,NaN,18.5,16.9,78.9,25.2
Single-bed,300,5,3,1450,0.6,29,30,13,,0.464,127,10,Al2O3,,,0.32,0.2,NaN,19,36.9,57.9,25
Single-bed,300,5,3,1450,0.6,29,30,13,,0.294,248,10,Al2O3,,,0.32,0.2,NaN,14.8,53.4,41.2,24.8
Single-bed,300,5,3,1450,0.6,29,30,13,,0.142,309,10,Al2O3,,,0.32,0.2,NaN,12.6,75.1,24.4,25.2
Single-bed,300,6.5,3,1450,0.6,29,30,13,,0.294,248,10,Al2O3,,,0.32,0.2,NaN,15,62.3,26.8,26.9
Single-bed,300,5,3,335,2.6,29,30,13,,0.294,248,10,Al2O3,,,0.32,0.2,NaN,5.6,78,17.6,24.7
Dualbed,300,5,3,335,2.6,29,30,13,,0.294,248,10,FER,2D,NaN,0.32,0.2,NaN,11.5,82.2,10.5,24.8
Dualbed,300,6.5,3,335,2.6,29,30,13,,0.294,248,10,FER,2D,NaN,0.32,0.2,NaN,9.8,90.4,4.9,28.8
Dualbed,300,5,3,335,2.6,29,30,13,,0.142,309,10,FER,2D,NaN,0.32,0.2,NaN,12.5,83,7.3,26.6
Dualbed,300,6.5,3,335,2.6,29,30,13,,0.142,309,10,FER,2D,NaN,0.32,0.2,NaN,10.7,90.9,4.6,27.9
Physical mixing,210,5,3,6000,NaN,29,30,40,13,NaN,167,NaN,HZSM-5,3D,38,0.351,0.63,2,6,6.4,1.5,0.12
Physical mixing,230,5,3,6000,NaN,29,30,40,13,NaN,167,NaN,HZSM-5,3D,38,0.351,0.63,2,7.5,9.5,2.3,0.18
Physical mixing,250,5,3,6000,NaN,29,30,40,13,NaN,167,NaN,HZSM-5,3D,38,0.351,0.63,2,9.5,14.9,4.6,0.256
Physical mixing,270,5,3,6000,NaN,29,30,40,13,NaN,167,NaN,HZSM-5,3D,38,0.351,0.63,2,10.5,15.8,5.4,0.28
Physical mixing,250,2,3,6000,NaN,29,30,40,13,NaN,167,NaN,HZSM-5,3D,38,0.351,0.63,2,4,2.6,2.5,0.195
Physical mixing,250,3.5,3,6000,NaN,29,30,40,13,NaN,167,NaN,HZSM-5,3D,38,0.351,0.63,2,6.5,8.8,3.6,0.23
Physical mixing,250,5,3,6000,NaN,29,30,40,13,NaN,167,NaN,HZSM-5,3D,38,0.351,0.63,2,9.5,14.9,4.6,0.255
Physical mixing,250,5,3,1000,NaN,29,30,40,13,NaN,167,NaN,HZSM-5,3D,38,0.351,0.63,2,11.5,18,5.8,0.309
Physical mixing,250,5,3,3000,NaN,29,30,40,13,NaN,167,NaN,HZSM-5,3D,38,0.351,0.63,2,10.8,16.2,5,0.28
Physical mixing,250,5,3,10000,NaN,29,30,40,13,NaN,167,NaN,HZSM-5,3D,38,0.351,0.63,2,8.2,10.5,3.9,0.203
Dualbed,260,3.45,3,18000,1,29,30,40,,NaN,59.5,8.1,SAPO-34,3D,NaN,NaN,NaN,1,66,27,7,17
Physical mixing,260,3.45,3,18000,1,29,30,40,,NaN,59.5,8.1,SAPO-34,3D,NaN,NaN,NaN,1,54,40,6,18
Physical mixing,260,3.45,3,18000,1,29,30,40,,NaN,59.5,8.1,SAPO-34,3D,NaN,NaN,NaN,1,52,42,6,18
Physical mixing,260,3.45,3,18000,1,29,30,40,,NaN,59.5,8.1,SAPO-34,3D,NaN,NaN,NaN,1,50,44,6,18
Physical mixing,220,3.45,3,18000,1,29,30,40,,NaN,59.5,8.1,SAPO-34,3D,NaN,NaN,NaN,1,42,38,20,10
Physical mixing,240,3.45,3,18000,1,29,30,40,,NaN,59.5,8.1,SAPO-34,3D,NaN,NaN,NaN,1,48,42,10,15
Physical mixing,260,3.45,3,18000,1,29,30,40,,NaN,59.5,8.1,SAPO-34,3D,NaN,NaN,NaN,1,54,40,6,18
Physical mixing,280,3.45,3,18000,1,29,30,40,,NaN,59.5,8.1,SAPO-34,3D,NaN,NaN,NaN,1,60,32,8,20
Physical mixing,260,0.69,3,18000,1,29,30,40,,NaN,59.5,8.1,SAPO-34,3D,NaN,NaN,NaN,1,62,20,8,8
Physical mixing,260,2.07,3,18000,1,29,30,40,,NaN,59.5,8.1,SAPO-34,3D,NaN,NaN,NaN,1,58,32,10,14
Physical mixing,260,3.45,3,18000,1,29,30,40,,NaN,59.5,8.1,SAPO-34,3D,NaN,NaN,NaN,1,54,40,6,18
Physical mixing,260,3.45,1,18000,1,29,30,40,,NaN,59.5,8.1,SAPO-34,3D,NaN,NaN,NaN,1,70,15,5,10
Physical mixing,260,3.45,2,18000,1,29,30,40,,NaN,59.5,8.1,SAPO-34,3D,NaN,NaN,NaN,1,60,28,12,14
Physical mixing,260,3.45,3,18000,1,29,30,40,,NaN,59.5,8.1,SAPO-34,3D,NaN,NaN,NaN,1,54,40,6,18
Physical mixing,260,3.45,4,18000,1,29,30,40,,NaN,59.5,8.1,SAPO-34,3D,NaN,NaN,NaN,1,50,44,6,20
Physical mixing,260,3.45,5,18000,1,29,30,40,,NaN,59.5,8.1,SAPO-34,3D,NaN,NaN,NaN,1,46,48,6,22
Physical mixing,260,3.45,3,2000,1,29,30,40,,NaN,59.5,8.1,SAPO-34,3D,NaN,NaN,NaN,1,34,56,10,20
Physical mixing,260,3.45,3,6000,1,29,30,40,,NaN,59.5,8.1,SAPO-34,3D,NaN,NaN,NaN,1,42,46,12,18
Physical mixing,260,3.45,3,12000,1,29,30,40,,NaN,59.5,8.1,SAPO-34,3D,NaN,NaN,NaN,1,48,40,12,16
Physical mixing,260,3.45,3,18000,1,29,30,40,,NaN,59.5,8.1,SAPO-34,3D,NaN,NaN,NaN,1,54,40,6,18
Physical mixing,260,3.45,3,24000,1,29,30,40,,NaN,59.5,8.1,SAPO-34,3D,NaN,NaN,NaN,1,58,32,10,17
Physical mixing,260,3.45,3,2000,1,29,30,40,,NaN,59.5,8.1,SAPO-34,3D,NaN,NaN,NaN,2,34,56,10,20
Physical mixing,240,2.8,3,960,1,29,30,40,13,NaN,NaN,NaN,HZSM-5,3D,23,NaN,1.32,1,7,18.3,2.5,26.8
Physical mixing,240,2.8,3,900,1,29,30,40,13,NaN,NaN,NaN,HZSM-5,3D,23,NaN,1.32,1,7.5,16.5,2.3,26
Physical mixing,240,2.8,3,880,1,29,30,40,13,NaN,NaN,NaN,HZSM-5,3D,23,NaN,1.32,1,7.8,15.8,2.2,25.5
Physical mixing,240,2.8,3,840,1,29,30,40,13,NaN,NaN,NaN,HZSM-5,3D,23,NaN,1.32,1,8,15,2,25
Physical mixing,240,2.8,3,820,1,29,30,40,13,NaN,NaN,NaN,HZSM-5,3D,23,NaN,1.32,1,8.5,14,1.8,24.5
Physical mixing,240,2.8,3,1040,0.8,29,30,40,13,NaN,NaN,NaN,HZSM-5,3D,23,NaN,1.32,0.6,8,15.5,2.2,25.5
Physical mixing,240,2.8,3,1241,0.6,29,30,40,13,NaN,NaN,NaN,HZSM-5,3D,23,NaN,1.32,0.2,10.5,8,1.5,20.5
Separated,240,2.8,3,960,1,29,30,40,13,NaN,NaN,NaN,HZSM-5,3D,23,NaN,1.32,1,8.5,12,2,23
Separated,240,2.8,3,1040,0.8,29,30,40,13,NaN,NaN,NaN,HZSM-5,3D,23,NaN,1.32,0.6,9,10,1.8,22
Separated,240,2.8,3,1241,0.6,29,30,40,13,NaN,NaN,NaN,HZSM-5,3D,23,NaN,1.32,0.2,10.8,6.5,1.2,18
Coprecipitation,250,5,3,2000,0.4,29,30,13,,0.583,NaN,NaN,Al2O3,,,NaN,NaN,NaN,23.9,0.1,75.6,30.5
Coprecipitation,250,5,3,2000,0.4,29,30,13,,0.583,104,13.7,FER,2D,8.7,0.3,0.93,22,21.2,23.2,55.5,31
Coprecipitation,250,5,3,2000,0.4,29,30,13,,0.583,191,13,FER,2D,11.7,0.6,1.06,18.3,21.9,55.2,22.8,29.7
Coprecipitation,250,5,3,2000,0.4,29,30,13,,0.583,136,14.1,FER,2D,14,0.3,0.82,16.8,18.3,28.2,53.3,30.5
Coprecipitation,250,5,3,2000,0.4,29,30,13,,0.583,86,11.6,FER,2D,15.6,0.2,0.72,12,26.5,11.4,61.9,27.5
Physical mixing,225,2,12.2,15000,1,29,30,13,,0.612,128.1,NaN,HZSM-5,3D,50,0.4,NaN,NaN,29.4,87,13,
Physical mixing,225,4,12.2,15000,1,29,30,13,,0.612,128.1,NaN,HZSM-5,3D,50,0.4,NaN,NaN,57.1,90,10,
Physical mixing,225,4,3,15000,1,29,30,13,,0.612,128.1,NaN,HZSM-5,3D,50,0.4,NaN,NaN,33,88,12,
Physical mixing,225,4,3,15000,1,29,30,13,,0.612,170.5,NaN,HZSM-5,3D,50,0.4,NaN,NaN,35,87,13,
Coprecipitation,200,3,3,60000,0.02,29,30,40,,0.586,225,9,HZSM-5,3D,36,0.374,0.138,195.7,,,,5
Coprecipitation,220,3,3,60000,0.02,29,30,40,,0.586,225,9,HZSM-5,3D,36,0.374,0.138,195.7,,,,5
Coprecipitation,240,3,3,60000,0.02,29,30,40,,0.586,225,9,HZSM-5,3D,36,0.374,0.138,195.7,,,,5
Coprecipitation,260,3,3,60000,0.02,29,30,40,,0.586,225,9,HZSM-5,3D,36,0.374,0.138,195.7,,,,5
Physical mixing,250,3,3,12000,1,29,30,13,,0.6,68.7,13,NaN,,,0.18,0,NaN,61.1,0,38.9,20.1
Physical mixing,250,3,3,6000,2,29,30,13,,0.6,242,13,FER,2D,20,0.14,1.539,8.5,51.1,37.8,11.1,20
Physical mixing,250,3,3,6000,2,29,30,13,,0.6,657,13,SBA-15,2D,NaN,0.44,0.416,31,62,10.5,27.5,19.8
Physical mixing,250,3,3,6000,2,29,30,13,,0.6,171,13,SBA-15,2D,NaN,0.24,1.168,11.7,67,5.1,27.9,13.8
Physical mixing,250,3,3,6000,2,29,30,13,,0.6,126,13,SBA-15,2D,NaN,0.19,0.504,23.2,58.8,7.5,33.7,19.5
Physical mixing,260,4,16.5,1700,0.7,29,30,13,,0.6,385,5.4,HZSM-5,3D,11,0.17,0.582,2,1,64,4,90
Physical mixing,260,4,16.5,1700,0.7,29,30,13,,0.6,355,5.4,HZSM-5,3D,10.4,0.17,0.676,2,1,64,4,89
Physical mixing,260,4,16.5,1700,0.7,29,30,13,,0.6,302,5.4,FER,2D,8.9,0.14,0.767,2,1,64,4,88
Physical mixing,260,4,16.5,1700,0.7,29,30,13,,0.6,429,5.4,MCM-22,2D,10.5,0.2,0.903,2,1,64,4,86
Physical mixing,260,4,16.5,1700,0.7,29,30,13,,0.6,425,5.4,MCM-22,2D,13.9,0.19,0.669,2,1,64,4,88
Physical mixing,260,4,16.5,1700,0.7,29,30,13,,0.6,482,5.4,ITQ-21,2D,12.2,0.13,0.409,2,1,64,4,84
Physical mixing,260,4,16.5,1700,0.7,29,30,13,,0.6,356,5.4,IM-5,2D,12.9,0.16,0.816,2,1,64,4,90
Physical mixing,260,4,16.5,1700,0.7,29,30,13,,0.6,387,5.4,HZSM-5,3D,13.5,0.18,0.756,2,1,64,4,92
Physical mixing,180,3,3,10000,0.25,29,30,40,,0.46,198,8,HZSM-5,3D,30,0.315,1.01,79,7.4,70.9,21.7,1.6
Physical mixing,200,3,3,10000,0.25,29,30,40,,0.46,198,8,HZSM-5,3D,30,0.315,1.01,79,15.9,65.7,18.5,3.1
Physical mixing,220,3,3,10000,0.25,29,30,40,,0.46,198,8,HZSM-5,3D,30,0.315,1.01,79,31.8,52.5,15.7,5.9
Physical mixing,240,3,3,10000,0.25,29,30,40,,0.46,198,8,HZSM-5,3D,30,0.315,1.01,79,49.5,37.8,12.6,10.9
Dualbed,180,3,3,10000,0.25,29,30,40,,0.46,198,8,HZSM-5,3D,30,0.315,1.2,67,8.1,75.3,16.6,1.9
Dualbed,200,3,3,10000,0.25,29,30,40,,0.46,198,8,HZSM-5,3D,30,0.315,1.2,67,17.5,66.3,16.2,4.1
Dualbed,220,3,3,10000,0.25,29,30,40,,0.46,198,8,HZSM-5,3D,30,0.315,1.2,67,34.6,51.5,13.8,8.3
Dualbed,240,3,3,10000,0.25,29,30,40,,0.46,198,8,HZSM-5,3D,30,0.315,1.2,67,52.4,36.6,11,13.8
Single-bed,180,3,3,10000,0.25,29,30,40,,0.46,198,8,HZSM-5,3D,30,0.315,1.06,75,7.4,70.9,21.7,1.6
Single-bed,200,3,3,10000,0.25,29,30,40,,0.46,198,8,HZSM-5,3D,30,0.315,1.06,75,16.1,63.4,20.5,3.4
Single-bed,220,3,3,10000,0.25,29,30,40,,0.46,198,8,HZSM-5,3D,30,0.315,1.06,75,33.9,48.1,18,6.7
Single-bed,240,3,3,10000,0.25,29,30,40,,0.46,198,8,HZSM-5,3D,30,0.315,1.06,75,49.5,33.9,11.8,10.9
Coprecipitation,220,3,3,8800,0.25,29,30,40,,0.6,175,7.5,FER,2D,20,0.267,0.74,21.62,31.9,51.9,16.2,10.3
Coprecipitation,240,3,3,8800,0.25,29,30,40,,0.6,175,7.5,FER,2D,20,0.267,0.74,21.62,44.8,40.7,14.5,16.9
Coprecipitation,260,3,3,8800,0.25,29,30,40,,0.6,175,7.5,FER,2D,20,0.267,0.74,21.62,49.1,36.5,14.4,21.3
Coprecipitation,220,3,3,8800,0.25,29,30,58,,0.6,183,7.5,FER,2D,20,0.297,0.51,36.67,20.4,62.5,17,5.6
Coprecipitation,240,3,3,8800,0.25,29,30,58,,0.6,183,7.5,FER,2D,20,0.297,0.51,36.67,33.5,50.5,16.1,8.7
Coprecipitation,260,3,3,8800,0.25,29,30,58,,0.6,183,7.5,FER,2D,20,0.297,0.51,36.67,49.3,36.3,14.4,14
Coprecipitation,220,3,3,8800,0.25,29,30,57,,0.6,188,7.5,FER,2D,20,0.333,0.79,25.32,23.6,60,16.4,6.9
Coprecipitation,240,3,3,8800,0.25,29,30,57,,0.6,188,7.5,FER,2D,20,0.333,0.79,25.32,39.4,45.9,14.7,11.1
Coprecipitation,260,3,3,8800,0.25,29,30,57,,0.6,188,7.5,FER,2D,20,0.333,0.79,25.32,52.6,34.2,13.2,17.7
Coprecipitation,220,3,3,8800,0.25,29,30,13,,0.6,148,25,FER,2D,20,0.21,0.81,12.8,35.1,51.9,15.1,10.2
Coprecipitation,240,3,3,8800,0.25,29,30,13,,0.6,148,25,FER,2D,20,0.21,0.81,12.8,46.4,39.9,13.7,16.3
Coprecipitation,260,3,3,8800,0.25,29,30,13,,0.6,148,25,FER,2D,20,0.21,0.81,12.8,50.3,35.6,14.1,21.1
Coprecipitation,220,3,3,8800,0.25,29,30,31,,0.6,159,7.5,FER,2D,20,0.247,0.76,17.76,35.3,50.2,14.5,9.9
Coprecipitation,240,3,3,8800,0.25,29,30,31,,0.6,159,7.5,FER,2D,20,0.247,0.76,17.76,47.8,38.9,13.3,16.4
Coprecipitation,260,3,3,8800,0.25,29,30,31,,0.6,159,7.5,FER,2D,20,0.247,0.76,17.76,51.6,34.9,13.4,21.1
Physical mixing,220,3,3,6000,0.08,29,49,40,,0.167,315,30.1,SAPO-34,3D,0.24,0.27,0.8,100,28.2,63.4,8.4,2.1
Physical mixing,240,3,3,6000,0.08,29,49,40,,0.167,315,30.1,SAPO-34,3D,0.24,0.27,0.8,100,30.6,61.9,7.5,3.2
Physical mixing,250,3,3,6000,0.08,29,49,40,,0.167,315,30.1,SAPO-34,3D,0.24,0.27,0.8,100,32.4,60.6,7.1,4.3
Physical mixing,260,3,3,6000,0.08,29,49,40,,0.167,315,30.1,SAPO-34,3D,0.24,0.27,0.8,100,35.9,57.8,6.3,6
Physical mixing,220,3,3,6000,0.08,29,49,40,,0.167,315,30.1,SAPO-34,3D,0.24,0.27,0.8,100,30.1,61.8,8.1,1.7
Physical mixing,240,3,3,6000,0.08,29,49,40,,0.167,315,30.1,SAPO-34,3D,0.24,0.27,0.8,100,32.7,59.3,7.4,2.6
Physical mixing,250,3,3,6000,0.08,29,49,40,,0.167,315,30.1,SAPO-34,3D,0.24,0.27,0.8,100,34.8,58.7,6.5,3.5
Physical mixing,260,3,3,6000,0.08,29,49,40,,0.167,315,30.1,SAPO-34,3D,0.24,0.27,0.8,100,38.6,55.1,6.3,5
Dualbed,220,3,3,6000,0.08,29,49,40,,0.167,315,30.1,SAPO-34,3D,0.24,0.27,0.8,100,33.5,58.2,8.3,1.2
Dualbed,240,3,3,6000,0.08,29,49,40,,0.167,315,30.1,SAPO-34,3D,0.24,0.27,0.8,100,35.8,56.9,7.3,2
Dualbed,250,3,3,6000,0.08,29,49,40,,0.167,315,30.1,SAPO-34,3D,0.24,0.27,0.8,100,37.1,56.2,6.7,2.9
Dualbed,260,3,3,6000,0.08,29,49,40,,0.167,315,30.1,SAPO-34,3D,0.24,0.27,0.8,100,41.4,52.3,6.3,4.1
Physical mixing,250,3,3,6000,0.08,29,49,40,,0.167,80,30.1,NaN,NaN,NaN,NaN,0,NaN,56.6,0,43.4,1.8
Physical mixing,245,2,1.5,1500,2,29,30,25,,0.286,420,12,FAU,3D,6,0.35,1.05,25,66.6,67,1.6,66.6
Physical mixing,245,2,1.5,1500,2,29,25,30,26,0.286,420,12,FAU,3D,6,0.35,0.98,25,22.6,65.2,2.9,22.6
Physical mixing,245,2,1.5,1500,2,29,25,30,27,0.286,420,12,FAU,3D,6,0.35,0.95,25,8.7,37.5,2.3,8.7
Physical mixing,245,2,1.5,1500,2,29,25,30,28,0.286,420,12,FAU,3D,6,0.35,0.92,25,7.5,13.3,1.1,7.5
Physical mixing,245,2,1.5,1500,2,29,25,30,24,0.286,420,12,FAU,3D,6,0.35,1,25,70.9,66.7,1.7,70.9
Physical mixing,245,2,1.5,1500,2,29,25,30,40,0.286,420,12,FAU,3D,6,0.35,1.08,25,71.4,67.5,2.3,71.4
Dualbed,150,5,3,6000,1.5,29,30,13,,0.5,162.6,29.3,FAU,3D,NaN,0.25,NaN,100,,79.2,20.8,97.9
Dualbed,250,5,3,6000,1.5,29,30,13,,0.5,162.6,29.3,FAU,3D,NaN,0.25,NaN,100,,91.7,8.3,98
Dualbed,350,5,3,6000,1.5,29,30,13,,0.5,162.6,29.3,FAU,3D,NaN,0.25,NaN,100,,55.6,44.4,98
Physical mixing,262,3,3,1800,1,29,30,13,,0.6,185.83,15,HZSM-5,3D,NaN,0.08,NaN,100,18.7,42.6,38.7,40.6
Physical mixing,262,3,3,1800,1,29,30,13,,0.6,195.23,15,HZSM-5,3D,NaN,0.08,NaN,100,20.6,44.1,35.3,43.4
Physical mixing,262,3,3,1800,1,29,30,13,,0.6,185.25,15,HZSM-5,3D,NaN,0.09,NaN,100,19.5,45.5,35,43.3
Physical mixing,262,3,3,1800,1,29,30,13,,0.6,195.15,15,HZSM-5,3D,NaN,0.09,NaN,100,19.2,45.2,35.6,46.2
Physical mixing,260,2,3,3000,0.1,29,,,,1,208.6,39,HZSM-5,3D,23,NaN,0.113,100,91.7,3.4,3.8,17.3
Physical mixing,260,2,3,3000,0.1,46,,,,0,204.4,2.8,HZSM-5,3D,23,NaN,0.121,100,32.2,0.5,2.1,15.9
Physical mixing,260,2,3,3000,0.1,29,46,,,0.85,179.7,11.4,HZSM-5,3D,23,NaN,0.055,100,78,11.8,10.2,11.3
Physical mixing,260,2,3,3000,0.1,29,46,,,0.67,208.7,4.2,HZSM-5,3D,23,NaN,0.039,100,53.8,29.8,16.4,2.7
Physical mixing,260,2,3,3000,0.1,29,46,,,0.62,189.2,8.5,HZSM-5,3D,23,NaN,0.046,100,92.3,3.4,3.5,13.9
Physical mixing,260,3,3,1600,NaN,29,30,40,13,0.33,116.6,NaN,HZSM-5,3D,25,0.065,NaN,NaN,32.8,24.7,42.7,23.8
Physical mixing,260,3,3,1600,NaN,29,30,40,13,0.33,119.6,NaN,HZSM-5,3D,25,0.067,NaN,NaN,29.8,23.3,46.9,25
Physical mixing,260,3,3,1600,NaN,29,30,40,13,0.33,103.9,NaN,HZSM-5,3D,25,0.059,NaN,NaN,30.4,23.2,46.4,25.2
Physical mixing,260,3,3,1600,NaN,29,30,40,13,0.33,152.7,NaN,HZSM-5,3D,25,0.084,NaN,NaN,29.2,26.6,44.2,24.1
Physical mixing,260,3,3,1600,NaN,29,30,40,13,0.33,148.7,NaN,HZSM-5,3D,25,0.084,NaN,NaN,31.9,26.4,41.7,22.7
Physical mixing,260,3,3,6600,NaN,29,30,13,,0.6,NaN,NaN,HZSM-5,3D,80,NaN,NaN,100,,6.8,1.6,8.4
Physical mixing,260,3,3,6600,NaN,29,30,13,,0.6,NaN,NaN,HZSM-5,3D,50,NaN,NaN,100,,8.5,1.9,10.4
Physical mixing,260,3,3,6600,NaN,29,30,13,,0.6,NaN,NaN,HZSM-5,3D,30,NaN,NaN,100,,7.9,1.7,9.6
Physical mixing,260,3,3,1500,NaN,29,30,13,,0.6,NaN,NaN,HZSM-5,3D,80,NaN,NaN,100,,12.5,2,14.5
Physical mixing,275,4,2,1500,4,29,30,13,,0.33,138,NaN,HZSM-5,3D,NaN,0.294,0.1,100,100,80,20,0
Physical mixing,275,4,3,1500,4,29,30,13,,0.33,138,NaN,HZSM-5,3D,NaN,0.294,0.1,100,,75,25,35
Physical mixing,275,3,3,4400,1,29,30,13,,0.444,177,25,SAPO-18,3D,0.2,0.161,0.15,2,80,15,5,8
Physical mixing,275,3,3,4400,1,29,30,40,,0.444,223,25,SAPO-18,3D,0.2,0.248,0.16,2,63,35,2,18
Physical mixing,275,3,3,4400,1,29,30,25,,0.444,213,25,SAPO-18,3D,0.2,0.278,0.12,2,68,30,2,12
Sequential precipitation,250,5,3,25000,0.5,29,40,46,,0.4,200,22,NaN,NaN,NaN,0.05,NaN,100,34,0,65.9,15
Sequential precipitation,250,5,3,25000,0.5,29,40,,,0.4,200,28,NaN,NaN,NaN,0.05,NaN,100,35.7,0,64.1,14
Sequential precipitation,250,5,3,25000,0.5,29,40,,,0.4,200,35,NaN,NaN,NaN,0.05,NaN,100,37.5,0,62.3,12.8
Sequential precipitation,250,5,3,25000,0.5,29,40,46,,0.4,200,20,HZSM-5,3D,38,0.15,0.27,100,33.9,51.8,14.1,18.9
Sequential precipitation,250,5,3,25000,0.5,29,40,,,0.4,200,28,HZSM-5,3D,38,0.15,0.27,100,34.9,50.3,14.5,16.6
Sequential precipitation,250,5,3,25000,0.5,29,40,,,0.4,200,35,HZSM-5,3D,38,0.15,0.27,100,35.7,50,13.9,14
Physical mixing,275,3,3,4400,1,29,30,40,,0.5,88,NaN,AEL,1D,NaN,0.22,0.208,100,15,80,18,20
Physical mixing,275,3,3,4400,1,29,30,40,,0.5,291,NaN,HZSM-5,3D,280,0.184,0.083,100,20,70,22,18
Physical mixing,280,3,3,9000,0.1,29,30,,,NaN,7.2,NaN,NaN,NaN,NaN,0.0135,NaN,NaN,8,0,92,0.6
Physical mixing,280,3,3,9000,0.1,29,40,,,NaN,11.11,NaN,NaN,NaN,NaN,0.0221,NaN,NaN,82,0,18,6.8
Sequential impregnation,280,3,3,9000,0.1,29,30,,,NaN,52.69,NaN,HZSM-5,3D,602.5,0.0438,NaN,NaN,45,0,55,2.1
Sequential impregnation,280,3,3,9000,0.1,29,40,,,NaN,57.04,NaN,HZSM-5,3D,602.5,0.0173,NaN,NaN,50,0,50,2
Physical mixing,280,3,3,9000,0.1,29,,,,NaN,233.63,NaN,HZSM-5,3D,27.1,0.1043,NaN,NaN,33,5,62,3.2
Sequential impregnation,280,3,3,9000,0.1,29,30,,,NaN,156.18,NaN,HZSM-5,3D,27.1,0.0641,NaN,NaN,31.5,10.5,58,4.9
Sequential impregnation,280,3,3,9000,0.1,29,40,,,NaN,189.21,NaN,HZSM-5,3D,27.1,0.0768,NaN,NaN,32,15,53,5.1
Sequential impregnation,280,3,3,9000,0.1,29,13,,,NaN,64.69,NaN,HZSM-5,3D,27.1,0.0724,NaN,NaN,30,20,50,7.3
Sequential impregnation,280,3,3,9000,0.1,29,40,13,,NaN,72.81,NaN,HZSM-5,3D,27.1,0.0704,NaN,NaN,27,27,46,5.2
Sequential impregnation,280,3,3,9000,0.1,29,13,,,NaN,265.1,NaN,HZSM-5,3D,NaN,0.0667,NaN,NaN,41,4,55,3.5
Sequential impregnation,280,3,3,9000,0.1,29,13,,,NaN,231.16,NaN,HZSM-5,3D,NaN,0.0645,NaN,NaN,39,3,58,3.8
Physical mixing,250,2,3,50000,0.12,29,30,13,12,NaN,NaN,NaN,HZSM-5,3D,NaN,NaN,NaN,NaN,6,5,89,7
Physical mixing,250,2,3,50000,0.12,29,30,13,12,NaN,NaN,NaN,HZSM-5,3D,NaN,NaN,NaN,NaN,8,12,80,8
Physical mixing,250,2,3,50000,0.12,29,30,13,12,NaN,NaN,NaN,HZSM-5,3D,NaN,NaN,NaN,NaN,7,10,83,7
Physical mixing,250,4,3,1250,0.25,29,30,40,,0.53,120,20,NaN,,,NaN,NaN,100,47.1,0,52.8,24.3
Physical mixing,250,4,3,5000,0.25,29,30,40,,0.53,120,20,NaN,,,NaN,NaN,100,46.2,0,53.8,23.3
Physical mixing,250,4,3,19800,0.25,29,30,40,,0.53,120,20,NaN,,,NaN,NaN,100,50.2,0,49.8,17.5
Physical mixing,250,4,3,158400,0.25,29,30,40,,0.53,120,20,NaN,,,NaN,NaN,100,32.6,0,67.4,6.1
Physical mixing,250,4,3,1250,0.25,29,30,40,,0.53,120,20,FER,2D,20,0.23,0.2,100,22.4,58,19.6,28.6
Physical mixing,250,4,3,5000,0.25,29,30,40,,0.53,120,20,FER,2D,20,0.23,0.2,100,34,47.5,18.5,24.9
Physical mixing,250,4,3,19800,0.25,29,30,40,,0.53,120,20,FER,2D,20,0.23,0.2,100,51.3,32.3,16.4,18.3
Physical mixing,250,4,3,158400,0.25,29,30,40,,0.53,120,20,FER,2D,20,0.23,0.2,100,34.1,22.7,43.2,6
Physical mixing,250,4,3,1250,0.25,29,30,40,13,0.53,120,20,HPA,3D,,NaN,0.3,100,22.4,58.4,19.3,28
Physical mixing,250,4,3,1250,0.25,29,30,40,,0.53,120,20,HPA,3D,,NaN,0.18,100,20.7,59.6,19.7,30.7
Physical mixing,240,2.8,3,1525,1,29,30,13,,0.6,128,5.8,HZSM-5,3D,23,1.5,1.01,100,24,69,7,26.1
Physical mixing,260,4.2,3,1525,1,29,30,13,,0.6,128,5.8,HZSM-5,3D,23,1.5,1.01,100,22,72,6,30.5
Physical mixing,220,2,3,1525,0.5,29,30,,,0.6,128,5.35,HZSM-5,3D,22.96,1.5,1.01,100,34.2,59.32,6.48,18.82
Physical mixing,240,2,3,1525,0.5,29,30,,,0.6,128,5.35,HZSM-5,3D,22.96,1.5,1.01,100,28.22,64.83,6.95,23.32
Physical mixing,260,2,3,1525,0.5,29,30,,,0.6,128,5.35,HZSM-5,3D,22.96,1.5,1.01,100,37.41,54.75,7.84,23.73
Physical mixing,280,2,3,1525,0.5,29,30,,,0.6,128,5.35,HZSM-5,3D,22.96,1.5,1.01,100,59.94,32.13,7.92,22.32
Physical mixing,220,3,3,1525,0.5,29,30,,,0.6,128,5.35,HZSM-5,3D,22.96,1.5,1.01,100,27.76,65.38,6.87,21.45
Physical mixing,240,3,3,1525,0.5,29,30,,,0.6,128,5.35,HZSM-5,3D,22.96,1.5,1.01,100,23.39,69.01,7.6,26.12
Physical mixing,260,3,3,1525,0.5,29,30,,,0.6,128,5.35,HZSM-5,3D,22.96,1.5,1.01,100,34.2,57.66,8.15,25.77
Physical mixing,280,3,3,1525,0.5,29,30,,,0.6,128,5.35,HZSM-5,3D,22.96,1.5,1.01,100,55.11,36.16,8.73,24.25
Physical mixing,220,4,3,1525,0.5,29,30,,,0.6,128,5.35,HZSM-5,3D,22.96,1.5,1.01,100,25.23,67.52,7.25,22.15
Physical mixing,240,4,3,1525,0.5,29,30,,,0.6,128,5.35,HZSM-5,3D,22.96,1.5,1.01,100,20.63,71.5,7.87,27.52
Physical mixing,260,4,3,1525,0.5,29,30,,,0.6,128,5.35,HZSM-5,3D,22.96,1.5,1.01,100,25,66.78,8.22,28.52
Physical mixing,280,4,3,1525,0.5,29,30,,,0.6,128,5.35,HZSM-5,3D,22.96,1.5,1.01,100,43.39,48.15,8.46,26.18
Physical mixing,260,3,4,1500,0.5,29,13,22,,NaN,128.6,12,HZSM-5,3D,300,0.33,1.008,100,,57.8,,26.8
Physical mixing,260,5,4,1500,0.5,29,13,22,,NaN,128.6,12,HZSM-5,3D,300,0.33,1.008,100,,66.7,,35.8
Physical mixing,240,3,4,1500,0.5,29,13,22,,NaN,128.6,12,HZSM-5,3D,300,0.33,1.008,100,,42.1,,18.5
Physical mixing,280,3,4,1500,0.5,29,13,22,,NaN,128.6,12,HZSM-5,3D,300,0.33,1.008,100,,61.3,,29.6
Physical mixing,260,3,4,1500,0.5,29,13,22,,NaN,122.5,8.5,HZSM-5,3D,300,0.55,1.078,100,,38.2,,17.4
Physical mixing,260,3,4,1500,0.5,29,13,22,,NaN,123.5,8.9,HZSM-5,3D,300,0.5,1.078,100,,44.6,,20.1
Physical mixing,260,3,4,1500,0.5,29,13,22,,NaN,126,9.2,HZSM-5,3D,300,0.33,1.078,100,,51.9,,23.8
Physical mixing,260,3,4,1500,0.5,29,13,22,,NaN,124.3,10.9,HZSM-5,3D,300,0.32,1.078,100,,48.3,,21.2
Coprecipitation,260,3,3,1500,1,29,30,,,0.6,123.7,7.6,HZSM-5,3D,38,0.41,NaN,1,49.5,43.7,5,18.6
Coprecipitation,260,3,3,1500,1,29,30,31,,0.6,146.1,6.9,HZSM-5,3D,38,0.41,NaN,1,41.4,52.8,3.7,19.9
Coprecipitation,260,3,3,1500,1,29,30,31,,0.6,154.2,6.7,HZSM-5,3D,38,0.41,NaN,1,34.8,58.3,4.9,20.8
Coprecipitation,260,3,3,1500,1,29,30,31,,0.6,163.8,6.5,HZSM-5,3D,38,0.41,NaN,1,30,62.6,5.5,22.3
Coprecipitation,260,3,3,1500,1,29,30,31,,0.6,164.2,6.6,HZSM-5,3D,38,0.41,NaN,1,31.5,60.7,5.8,21.3
Physical mixing,280,3.25,4,2500,0.5,29,30,78,,0.499,370,NaN,HZSM-5,3D,13.5,0.18,NaN,1,46.3,53.7,0,24.9
Physical mixing,280,3.25,4,2500,0.25,29,30,78,,0.499,370,NaN,HZSM-5,3D,13.5,0.18,NaN,1,18.7,81.3,0,32.2
Physical mixing,240,3.25,4,2500,0.125,29,30,78,,0.499,370,NaN,HZSM-5,3D,13.5,0.18,NaN,1,15,84.7,0,35.4
Physical mixing,260,3.25,4,2500,0.125,29,30,78,,0.499,370,NaN,HZSM-5,3D,13.5,0.18,NaN,1,8,96.8,0,39.8
Physical mixing,280,3.25,4,2500,0.125,29,30,78,,0.499,370,NaN,HZSM-5,3D,13.5,0.18,NaN,1,0,100,0,41.1
Physical mixing,300,3.25,4,2500,0.125,29,30,78,,0.499,370,NaN,HZSM-5,3D,13.5,0.18,NaN,1,0,100,0,40.8
Physical mixing,280,2.75,4,2500,0.125,29,30,78,,0.499,370,NaN,HZSM-5,3D,13.5,0.18,NaN,1,34.8,65.2,0,32.1
Physical mixing,280,3.75,4,2500,0.125,29,30,78,,0.499,370,NaN,HZSM-5,3D,13.5,0.18,NaN,1,7,100,0,40.6
Coprecipitation,270,3,3,4200,0.3,29,30,40,,0.5,135.4,11.3,HZSM-5,3D,25,0.32,0.78,2,15.9,55.1,12.9,28.9
Coprecipitation,270,3,3,4200,0.3,29,30,40,23,0.5,137.4,9.2,HZSM-5,3D,25,0.32,0.78,2,18.7,57.8,14.4,32.3
Coprecipitation,270,3,3,4200,0.3,29,30,40,23,0.5,139.7,7.5,HZSM-5,3D,25,0.32,0.78,2,19.1,58.8,13.2,32.5
Coprecipitation,270,3,3,4200,0.3,29,30,40,23,0.5,141,7.8,HZSM-5,3D,25,0.32,0.78,2,18.1,56.7,13.1,32
Coprecipitation,270,3,3,4200,0.3,29,30,40,23,0.5,142.6,12.5,HZSM-5,3D,25,0.32,0.78,2,16,53.8,12.7,29.7
Coprecipitation,240,3,3,4200,0.3,29,30,40,23,0.5,139.7,7.5,HZSM-5,3D,25,0.32,0.78,2,12,61.5,26.5,18
Coprecipitation,255,3,3,4200,0.3,29,30,40,23,0.5,139.7,7.5,HZSM-5,3D,25,0.32,0.78,2,16.5,59.5,24,25
Coprecipitation,285,3,3,4200,0.3,29,30,40,23,0.5,139.7,7.5,HZSM-5,3D,25,0.32,0.78,2,23,55,22,36
Coprecipitation,270,2,3,4200,0.3,29,30,40,23,0.5,139.7,7.5,HZSM-5,3D,25,0.32,0.78,2,25,52,23,24
Coprecipitation,270,2.5,3,4200,0.3,29,30,40,23,0.5,139.7,7.5,HZSM-5,3D,25,0.32,0.78,2,21,56,23,29
Coprecipitation,270,3.5,3,4200,0.3,29,30,40,23,0.5,139.7,7.5,HZSM-5,3D,25,0.32,0.78,2,17,61,22,35
Physical mixing,220,2.76,3,472,1,29,30,40,13,0.67,109,4.6,HZSM-5,3D,11.5,0.29,0.72,1,24,68,6,24
Physical mixing,240,2.76,3,472,1,29,30,40,13,0.67,109,4.6,HZSM-5,3D,11.5,0.29,0.72,1,23,69.2,5,26.5
Physical mixing,260,2.76,3,472,1,29,30,40,13,0.67,109,4.6,HZSM-5,3D,11.5,0.29,0.72,1,40,45,6,24
Physical mixing,280,2.76,3,472,1,29,30,40,13,0.67,109,4.6,HZSM-5,3D,11.5,0.29,0.72,1,65,25,5,22
Physical mixing,240,2.76,3,472,1,29,30,40,13,0.67,106,5.1,HZSM-5,3D,11.5,0.29,0.72,1,28,60,8,22
Physical mixing,240,2.76,3,472,1,29,30,40,13,0.67,103,6.2,HZSM-5,3D,11.5,0.29,0.72,1,35,52,10,20
Physical mixing,240,2.76,3,472,1,29,30,40,13,0.67,101,5.8,HZSM-5,3D,11.5,0.29,0.72,1,30,55,10,23
Physical mixing,240,2.76,3,472,1,29,30,40,13,0.67,98,6.4,HZSM-5,3D,11.5,0.29,0.72,1,42,40,12,19
Physical mixing,240,2.76,3,472,0.6,29,30,40,13,0.67,109,4.6,HZSM-5,3D,11.5,0.29,0.72,0.2,24,67,6,26
Physical mixing,240,2.76,3,472,0.8,29,30,40,13,0.67,109,4.6,HZSM-5,3D,11.5,0.29,0.72,0.6,25,66,6,26
Physical mixing,230,3.5,3,4200,1,29,30,13,,0.67,109,4.6,HZSM-5,3D,11.5,0.29,0.72,1,15,8.8,11.9,20.7
Physical mixing,240,3.5,3,4200,1,29,30,13,,0.67,109,4.6,HZSM-5,3D,11.5,0.29,0.72,1,16,10.5,11.6,23.5
Physical mixing,250,3.5,3,4200,1,29,30,13,,0.67,109,4.6,HZSM-5,3D,11.5,0.29,0.72,1,18,11.8,12,26
Physical mixing,260,3.5,3,4200,1,29,30,13,,0.67,109,4.6,HZSM-5,3D,11.5,0.29,0.72,1,19,12.7,15.4,28.1
Physical mixing,230,3.5,3,4200,1,29,30,13,,0.67,109,4.6,HZSM-5,3D,11.5,0.29,0.72,1,10,30.6,12.6,53.2
Physical mixing,240,3.5,3,4200,1,29,30,13,,0.67,109,4.6,HZSM-5,3D,11.5,0.29,0.72,1,9,35,13,58
Physical mixing,250,3.5,3,4200,1,29,30,13,,0.67,109,4.6,HZSM-5,3D,11.5,0.29,0.72,1,8,39,14,62
Physical mixing,260,3.5,3,4200,1,29,30,13,,0.67,109,4.6,HZSM-5,3D,11.5,0.29,0.72,1,7,42.2,16.8,65.7
Physical mixing,250,3.5,3,4200,1,29,30,13,,0.67,109,4.6,HZSM-5,3D,11.5,0.29,0.72,4,18,50,10,73.4
Physical mixing,250,3.5,3,4200,1,29,30,13,,0.67,109,4.6,HZSM-5,3D,11.5,0.29,0.72,5,17,54.5,11,73
Physical mixing,250,3.5,3,3500,1,29,30,13,,0.67,109,4.6,HZSM-5,3D,11.5,0.29,0.72,5,18,52,13,80
Physical mixing,250,3.5,3,4900,1,29,30,13,,0.67,109,4.6,HZSM-5,3D,11.5,0.29,0.72,5,20,48,12,68
Physical coating,275,3,3,800,NaN,29,30,40,,0.5,109,NaN,SAPO-11,1D,NaN,0.299,NaN,1,,75,22,3
Physical coating,275,3,3,800,NaN,29,30,40,,0.5,108,NaN,SAPO-11,1D,NaN,0.292,NaN,1,,76,23,2
Physical coating,275,3,3,800,NaN,29,30,40,,0.5,102,NaN,SAPO-11,1D,NaN,0.291,NaN,1,,78,20,2
Physical coating,275,3,3,800,NaN,29,30,40,,0.5,77,NaN,SAPO-11,1D,NaN,0.294,NaN,1,,79,18,3
Physical coating,275,3,3,800,NaN,29,30,40,,0.5,55,NaN,SAPO-11,1D,NaN,0.208,NaN,1,,80,17,3
Physical mixing,275,3,3,800,NaN,29,30,40,,0.5,NaN,NaN,SAPO-11,1D,NaN,NaN,NaN,2,,55,40,5
Physical mixing,275,3,3,800,NaN,29,30,40,,0.5,NaN,NaN,SAPO-11,1D,NaN,NaN,NaN,1,,70,28,2
Physical mixing,275,3,3,800,NaN,29,30,40,,0.5,88,NaN,SAPO-11,1D,NaN,0.22,0.168,0.5,,77,21,2
Physical mixing,275,3,3,800,NaN,29,30,40,,0.5,26,NaN,SAPO-11,1D,NaN,0.101,0.125,0.5,,75,22,3
Physical coating,275,3,3,800,NaN,29,30,40,,0.5,,NaN,SAPO-11,1D,NaN,NaN,NaN,2,,60,38,2
Physical coating,275,3,3,800,NaN,29,30,40,,0.5,,NaN,SAPO-11,1D,NaN,NaN,NaN,1,,75,23,2
Physical coating,275,3,3,800,NaN,29,30,40,,0.5,123,NaN,SAPO-11,1D,NaN,0.3,0.186,0.5,,81,17,2
Physical coating,275,3,3,800,NaN,29,30,40,,0.5,60,NaN,SAPO-11,1D,NaN,0.153,0.167,0.5,,80,18,2
Sequential precipitation,300,5,3,1450,0.6,29,30,13,,0.484,131,NaN,Al2O3,,NaN,NaN,1,NaN,73.4,16.9,78.9,25.2
Sequential precipitation,300,5,3,1450,0.6,29,30,13,,0.464,127,NaN,Al2O3,,NaN,NaN,1.37,NaN,76,36.9,57.9,25
Sequential precipitation,300,5,3,1450,0.6,29,30,13,,0.294,248,NaN,Al2O3,,NaN,NaN,1.45,NaN,59.7,53.4,41.2,24.8
Sequential precipitation,300,5,3,1450,0.6,29,30,13,,0.142,309,NaN,Al2O3,,NaN,NaN,1.63,NaN,50,75.1,24.4,25.2
Physical mixing,300,5,3,1450,0.6,29,30,13,,,,NaN,Al2O3,,NaN,NaN,NaN,NaN,47.4,75.9,15.2,21.3
Sequential precipitation,300,6.5,3,1450,0.6,29,30,13,,0.294,248,NaN,Al2O3,,NaN,NaN,1.45,NaN,55.8,62.3,26.8,26.9
Sequential precipitation,300,5,3,335,2.6,29,30,13,,0.294,248,NaN,Al2O3,,NaN,NaN,1.45,NaN,22.7,78,17.6,24.7
Dualbed,300,5,3,335,2.6,29,30,13,,0.294,248,NaN,Al2O3,,NaN,NaN,1.45,NaN,48.8,84.1,14.3,24.6
Dualbed,300,5,3,335,2.6,29,30,13,,0.294,248,NaN,FER,2D,NaN,NaN,1.45,NaN,46.4,82.2,10.5,24.8
Dualbed,300,6.5,3,335,2.6,29,30,13,,0.294,248,NaN,FER,2D,NaN,NaN,1.45,NaN,34,90.4,4.9,28.8
Dualbed,300,5,3,335,2.6,29,30,13,,0.142,309,NaN,FER,2D,NaN,NaN,1.63,NaN,47,83,7.3,26.6
Dualbed,300,6.5,3,335,2.6,29,30,13,,0.142,309,NaN,FER,2D,NaN,NaN,1.63,NaN,38.4,90.9,4.6,27.9
Physical mixing,260,2,3,13000,0.3,29,30,40,74,0.382,174,10,WOx/ZrO2,,,0.21,0.224,NaN,58,12.8,29.2,14.8
Physical mixing,260,2,3,13000,0.3,29,30,40,74,0.382,125,10,WOx/ZrO2,,,0.19,0.254,NaN,55,15.5,29.5,15.3
Physical mixing,280,2,3,13000,0.3,29,30,40,74,0.382,102,12,WOx/ZrO2,,,0.16,0.295,NaN,53,18.4,28.6,17.5
Physical mixing,260,2,3,13000,0.3,29,30,40,74,0.382,51,16,WOx/ZrO2,,,0.12,0.278,NaN,48,21.7,30.3,18.9
Physical mixing,260,2,3,13000,0.3,29,30,40,74,0.382,5,20,WOx/ZrO2,,,0.05,0.024,NaN,65,1.8,12.2,19.2
Physical mixing,260,3,3,13000,0.3,29,30,40,74,0.382,51,16,WOx/ZrO2,,,0.12,0.278,NaN,67.1,28.2,4.7,15.3
Physical mixing,260,3,3,4333,0.3,29,30,40,74,0.382,51,16,WOx/ZrO2,,,0.12,0.278,NaN,64.7,32,3.3,21.5
Physical mixing,260,3,3,4333,0.3,29,30,40,74,0.382,51,16,WOx/ZrO2,,,0.12,0.278,NaN,65.6,28.6,5.8,19.2
Dualbed,275,3,3,NaN,NaN,29,30,25,,0.5,138,NaN,SAPO-18,3D,NaN,0.411,0.42,2,15,85,5,0.1
Physical mixing,275,3,3,NaN,NaN,29,30,25,,0.5,138,NaN,SAPO-18,3D,NaN,0.411,0.42,2,10,88,2,0.17
Physical mixing,275,3,3,NaN,NaN,29,30,25,,0.5,249,NaN,SAPO-18,3D,NaN,0.375,0.12,2,6,94,0,0.22
Physical mixing,275,3,3,NaN,NaN,29,30,25,,0.5,249,NaN,SAPO-18,3D,NaN,0.375,0.12,2,20,75,15,0.08
Physical mixing,275,3,3,NaN,NaN,29,30,25,,0.5,249,NaN,SAPO-18,3D,NaN,0.375,0.12,2,25,65,10,0.06
Physical mixing,275,3,3,NaN,NaN,29,30,25,,0.5,249,NaN,SAPO-18,3D,NaN,0.375,0.12,2,30,62,8,0.05
Physical mixing,250,3,3,NaN,NaN,29,30,25,,0.5,249,NaN,SAPO-18,3D,NaN,0.375,0.12,2,8,92,3,0.1
Physical mixing,300,3,3,NaN,NaN,29,30,25,,0.5,249,NaN,SAPO-18,3D,NaN,0.375,0.12,2,20,75,5,0.3
Physical mixing,325,3,3,NaN,NaN,29,30,25,,0.5,249,NaN,SAPO-18,3D,NaN,0.375,0.12,2,45,55,5,0.22
Sequential impregnation,250,5,2.2,2160,0.5,29,,,,0.1,NaN,18.8,SiO2,NaN,,NaN,NaN,,1,0,98.7,0
Sequential impregnation,250,5,2.2,2160,0.5,29,,,,0.1,NaN,16.8,Al2O3,NaN,,NaN,NaN,,49,43.1,7,7.4
Sequential impregnation,250,5,2.2,2160,0.5,29,,,,0.1,378.3,4.8,Al2O3,NaN,,0.74,NaN,,23,65.1,12,11.8
In-situ introduction,250,5,2.2,2160,0.5,29,,,,0.1,378.3,4.8,Al2O3,NaN,,0.74,NaN,,2,95.9,3,21.2
In-situ introduction,250,5,2.2,2160,0.5,29,,,,0.1,,NaN,Al2O3,NaN,,NaN,NaN,,7,83,10,17.6
Coprecipitation,250,3,3,NaN,0.5,29,30,,,0.5,171,NaN,Al2O3,NaN,,NaN,0.78,,0,0,100,2
Coprecipitation,250,5,3,NaN,0.5,29,30,,,0.5,171,NaN,Al2O3,NaN,,NaN,0.78,,0,0,100,4
Coprecipitation,270,3,3,NaN,0.5,29,30,,,0.5,171,NaN,Al2O3,NaN,,NaN,0.78,,0,0,100,7
Coprecipitation,270,5,3,NaN,0.5,29,30,,,0.5,171,NaN,Al2O3,NaN,,NaN,0.78,,0,0,100,8
Sequential impregnation,250,3,3,NaN,0.5,29,30,,,0.5,168,NaN,Al2O3,NaN,,NaN,0.73,,0,35,65,2
Sequential impregnation,250,5,3,NaN,0.5,29,30,,,0.5,168,NaN,Al2O3,NaN,,NaN,0.73,,0,24,76,4
Sequential impregnation,270,3,3,NaN,0.5,29,30,,,0.5,168,NaN,Al2O3,NaN,,NaN,0.73,,0,35,65,7
Sequential impregnation,270,5,3,NaN,0.5,29,30,,,0.5,168,NaN,Al2O3,NaN,,NaN,0.73,,0,31,69,9
Coprecipitation,250,3,3,NaN,0.5,29,30,,,0.5,30,NaN,Nb2O5,NaN,,NaN,0.16,,0,0,100,1
Coprecipitation,250,5,3,NaN,0.5,29,30,,,0.5,30,NaN,Nb2O5,NaN,,NaN,0.16,,0,0,100,1
Coprecipitation,270,3,3,NaN,0.5,29,30,,,0.5,30,NaN,Nb2O5,NaN,,NaN,0.16,,0,0,100,1
Coprecipitation,270,5,3,NaN,0.5,29,30,,,0.5,30,NaN,Nb2O5,NaN,,NaN,0.16,,0,0,100,2
Sequential impregnation,250,3,3,NaN,0.5,29,30,,,0.5,32,NaN,Nb2O5,NaN,,NaN,0.27,,0,0,100,1
Sequential impregnation,250,5,3,NaN,0.5,29,30,,,0.5,32,NaN,Nb2O5,NaN,,NaN,0.27,,0,0,100,2
Sequential impregnation,270,3,3,NaN,0.5,29,30,,,0.5,32,NaN,Nb2O5,NaN,,NaN,0.27,,0,0,100,2
Sequential impregnation,270,5,3,NaN,0.5,29,30,,,0.5,32,NaN,Nb2O5,NaN,,NaN,0.27,,0,5,95,3
Physical mixing,220,4,3,3600,1.14,29,40,,,NaN,252,NaN,K10,2D,,0.3,0.45,2:01,35.8,9.1,54.9,4.2
Physical mixing,240,4,3,3600,1.14,29,40,,,NaN,252,NaN,K10,2D,,0.3,0.45,2:01,57.1,11.3,31.4,4.4
Physical mixing,260,4,3,3600,1.14,29,40,,,NaN,252,NaN,K10,2D,,0.3,0.45,2:01,74.7,8.6,16.4,7.5
Physical mixing,280,4,3,3600,1.14,29,40,,,NaN,252,NaN,K10,2D,,0.3,0.45,2:01,83.3,6.3,10.1,13.8
Physical mixing,300,4,3,3600,1.14,29,40,,,NaN,252,NaN,K10,2D,,0.3,0.45,2:01,84.8,5.9,8.6,18.1
Physical mixing,220,4,3,3600,1.239,29,40,,,NaN,91,NaN,HPW-K10,2D,,0.1,1.76,2:01,43.8,43.1,12.8,2.8
Physical mixing,240,4,3,3600,1.239,29,40,,,NaN,91,NaN,HPW-K10,2D,,0.1,1.76,2:01,66.2,24.6,8.9,4.6
Physical mixing,260,4,3,3600,1.239,29,40,,,NaN,91,NaN,HPW-K10,2D,,0.1,1.76,2:01,79.4,14.1,6,10.3
Physical mixing,280,4,3,3600,1.239,29,40,,,NaN,91,NaN,HPW-K10,2D,,0.1,1.76,2:01,82.7,11.1,5.4,16
Physical mixing,300,4,3,3600,1.239,29,40,,,NaN,91,NaN,HPW-K10,2D,,0.1,1.76,2:01,81.8,11.1,5.9,18.6
Physical mixing,220,4,3,3600,1.112,29,40,,,NaN,135,NaN,HPMo-K10,2D,,0.2,1.05,2:01,41,23.7,34.6,5.2
Physical mixing,240,4,3,3600,1.112,29,40,,,NaN,135,NaN,HPMo-K10,2D,,0.2,1.05,2:01,64.7,15.8,18.5,5.4
Physical mixing,260,4,3,3600,1.112,29,40,,,NaN,135,NaN,HPMo-K10,2D,,0.2,1.05,2:01,75.9,10.7,11.7,9.9
Physical mixing,280,4,3,3600,1.112,29,40,,,NaN,135,NaN,HPMo-K10,2D,,0.2,1.05,2:01,84.5,5.9,7.3,15.6
Physical mixing,300,4,3,3600,1.112,29,40,,,NaN,135,NaN,HPMo-K10,2D,,0.2,1.05,2:01,82.5,4.3,6.9,18.4
Physical mixing,220,4,3,3600,1.25,29,40,,,NaN,252,NaN,K10,2D,,0.3,0.45,2:01,19.4,16.8,62.4,5.1
Physical mixing,240,4,3,3600,1.25,29,40,,,NaN,252,NaN,K10,2D,,0.3,0.45,2:01,37.1,19.2,43.1,3.4
Physical mixing,260,4,3,3600,1.25,29,40,,,NaN,252,NaN,K10,2D,,0.3,0.45,2:01,49.2,25.4,24.4,4.3
Physical mixing,280,4,3,3600,1.25,29,40,,,NaN,252,NaN,K10,2D,,0.3,0.45,2:01,66.5,15.6,16.5,7.5
Physical mixing,300,4,3,3600,1.25,29,40,,,NaN,252,NaN,K10,2D,,0.3,0.45,2:01,73.3,14.3,10.3,8.8
Physical mixing,220,4,3,3600,1.066,29,40,,,NaN,91,NaN,HPW-K10,2D,,0.1,1.76,2:01,20.1,60.3,17.1,4.3
Physical mixing,240,4,3,3600,1.066,29,40,,,NaN,91,NaN,HPW-K10,2D,,0.1,1.76,2:01,36.9,46.5,14.5,2.7
Physical mixing,260,4,3,3600,1.066,29,40,,,NaN,91,NaN,HPW-K10,2D,,0.1,1.76,2:01,54.4,32,11.6,4.9
Physical mixing,280,4,3,3600,1.066,29,40,,,NaN,91,NaN,HPW-K10,2D,,0.1,1.76,2:01,59.1,26.9,11,8.9
Physical mixing,300,4,3,3600,1.066,29,40,,,NaN,91,NaN,HPW-K10,2D,,0.1,1.76,2:01,75.9,14.1,6.9,14.1
Physical mixing,220,4,3,3600,1.029,29,40,,,NaN,135,NaN,HPMo-K10,2D,,0.2,1.05,2:01,22.4,16.7,55.9,1.8
Physical mixing,240,4,3,3600,1.029,29,40,,,NaN,135,NaN,HPMo-K10,2D,,0.2,1.05,2:01,39.2,19.6,34.2,2.6
Physical mixing,260,4,3,3600,1.029,29,40,,,NaN,135,NaN,HPMo-K10,2D,,0.2,1.05,2:01,53.7,15.8,22.6,4.7
Physical mixing,280,4,3,3600,1.029,29,40,,,NaN,135,NaN,HPMo-K10,2D,,0.2,1.05,2:01,65.9,11.2,13.3,8.6
Physical mixing,300,4,3,3600,1.029,29,40,,,NaN,135,NaN,HPMo-K10,2D,,0.2,1.05,2:01,73.4,6.6,7.6,13.3
In-situ introduction,400,0.1,3,9240,0.25,29,13,8,,0.075,152,,Al2O3,3D,0,,NaN,NaN,18.3,92,0,81.5
In-situ introduction,400,0.1,3,9240,0.25,29,13,8,,0.075,123,,Al2O3,3D,0,,NaN,,27.8,100,0,71.7
In-situ introduction,400,0.1,3,9240,0.25,29,13,8,,0.075,67,,Al2O3,3D,0,,NaN,,20.7,95.6,0,78.7
In-situ introduction,400,0.1,3,9240,0.25,29,13,8,,0.05,195,,Al2O3,3D,0,,NaN,,27.9,100,0,71.8
In-situ introduction,400,0.1,3,9240,0.25,29,13,8,,0.125,93,,Al2O3,3D,0,,NaN,,28.2,100,0,71
In-situ introduction,400,0.1,3,9240,0.25,29,13,8,,0.175,77,,Al2O3,3D,0,,NaN,,27.6,97.6,0,71.4
In-situ introduction,400,0.1,3,9240,0.25,29,13,8,,0.075,152,NaN,Al2O3,3D,0,0.36,NaN,NaN,18.3,92,0,81.5
In-situ introduction,400,0.1,3,9240,0.25,29,13,8,,0.075,123,NaN,Al2O3,3D,0,0.36,NaN,NaN,27.8,100,0,71.7
In-situ introduction,400,0.1,3,9240,0.25,29,13,8,,0.075,67,NaN,Al2O3,3D,0,0.36,NaN,NaN,20.7,95.6,0,78.7
In-situ introduction,400,0.1,3,9240,0.25,29,13,8,,0.05,195,NaN,Al2O3,3D,0,0.36,NaN,NaN,27.9,100,0,71.8
In-situ introduction,400,0.1,3,9240,0.25,29,13,8,,0.125,93,NaN,Al2O3,3D,0,0.36,NaN,NaN,28.2,100,0,71
In-situ introduction,400,0.1,3,9240,0.25,29,13,8,,0.175,77,NaN,Al2O3,3D,0,0.36,NaN,NaN,27.6,97.6,0,71.4
In-situ introduction,400,0.1,3,9240,0.25,29,14,13,8,0.075,189,NaN,Si–O–Al,3D,0.375,0.56,NaN,NaN,14,100,0,85
In-situ introduction,400,0.1,3,9240,0.25,29,14,13,8,0.075,195,NaN,Si–O–Al,3D,0.714,0.57,NaN,NaN,15,100,0,88
In-situ introduction,400,0.1,3,9240,0.25,29,14,13,8,0.075,196,NaN,Si–O–Al,3D,1.4,0.58,NaN,NaN,15,100,0,90
In-situ introduction,400,0.1,3,9240,0.25,29,14,13,8,0.075,239,NaN,Si–O–Al,3D,3,0.61,NaN,NaN,16,90,0,75
Physical mixing,300,3,3,12000,0.2,46,30,,,0,176,500,HZSM-5,3D,50,3.09,0.75,1,60,1,34,8.9
Physical mixing,300,3,3,12000,0.2,46,30,,,0,176,500,HZSM-5,3D,50,3.09,0.72,1,39,30.6,27,10.8
Physical mixing,300,3,3,12000,0.2,46,30,,,0,165,450,HZSM-5,3D,60,2.8,0.7,1,40,30.8,26,10.3
Physical mixing,300,3,3,12000,0.2,46,30,,,0,182,480,HZSM-5,3D,50,3.74,0.78,1,52,10.2,30,9
Physical mixing,300,3,3,12000,0.2,46,30,,,0,182,480,HZSM-5,3D,50,3.74,0.76,1,38,30.2,28,11
Physical mixing,300,3,3,12000,0.2,46,30,,,0,170,460,HZSM-5,3D,60,3.1,0.74,1,41,29,27,10
Physical mixing,300,3,3,12000,0.2,46,30,,,0,343,500,HZSM-5,3D,50,0.05,0.95,1,48,20.8,30,9.8
Physical mixing,300,3,3,12000,0.2,46,30,,,0,330,500,HZSM-5,3D,27,0.05,1.05,1,50,20.1,29,9.7
Dualbed,300,3,3,12000,0.2,46,30,,,0,176,500,HZSM-5,3D,50,3.09,0.72,1,63,4.5,30,8
Ultrasonic ,300,3,3,12000,0.2,46,30,,,0,176,1000,HZSM-5,3D,50,3.09,0.72,1,42,27.8,28,10.2
Ultrasonic ,300,3,3,12000,0.2,46,30,,,0,176,200,HZSM-5,3D,50,3.09,0.72,1,47,20.4,30,9.3
Ultrasonic ,300,3,3,12000,0.2,46,30,,,0,176,40,HZSM-5,3D,50,3.09,0.72,1,55,5.5,35,8.5
In-situ introduction,300,3,3,12000,0.2,46,30,,,0,168,50,HZSM-5,3D,50,2.9,0.68,1,58,2.9,39,8
Coprecipitation,250,5,2,2000,0.4,29,30,13,,0.67,51.6,7.4,Al2O3,,,0.19,1.49,0.67,4.4,33.4,52.7,23.2
Coprecipitation,250,5,2,2000,0.4,29,30,13,,0.67,97.1,2.8,Al2O3,,,0.62,1.35,0.67,6.3,45.5,44.2,36.4
Coprecipitation,250,5,2,2000,0.4,29,30,13,,0.67,103.7,3.9,Al2O3,,,0.65,0.99,0.67,7.4,50.3,38.6,49.5
Coprecipitation,250,5,2,2000,0.4,29,30,13,,0.67,93.2,4.1,Al2O3,,,0.56,1.01,0.67,4.2,30.7,61.5,38.5
Grafting ,230,2.5,3,6000,0.2,29,,,,1,197,2.9,SiO2,,,0.85,0.2,1,50,0,50,6.5
Grafting ,230,2.5,3,6000,0.2,29,,,,1,141,3.1,Al2O3,,,0.75,0.6,1,54,20,26,7
Grafting ,230,2.5,3,6000,0.2,29,,,,1,139,3.1,Al2O3,,,0.75,0.6,1,49,23,28,7.5
Physical mixing,230,2.5,3,6000,0.2,29,14,,,1,180,2.9,Al2O3,,,0.8,0.4,1,60,15,25,6.8
Physical mixing,230,2.5,3,6000,0.2,29,14,,,1,170,2.9,Al2O3,,,0.78,0.5,1,63,20,17,6.9
Physical mixing,250,4.14,1.5,6000,1,29,30,13,,0.6,57,69.1,Al2O3,,,0.45,0.85,1,32,68,2,50.5
Physical mixing,260,4.14,1.5,6000,1,29,30,13,,0.6,57,69.1,Al2O3,,,0.45,0.85,1,31,68,1,53
Physical mixing,270,4.14,1.5,6000,1,29,30,13,,0.6,57,69.1,Al2O3,,,0.45,0.85,1,30,69,1,56
Physical mixing,280,4.14,1.5,6000,1,29,30,13,,0.6,57,69.1,Al2O3,,,0.45,0.85,1,30,69,1,59
Physical mixing,250,4.14,1.5,6000,1,29,30,13,31,0.59,51,100.8,Al2O3,,,0.42,0.8,1,31,68,1,28.7
Physical mixing,260,4.14,1.5,6000,1,29,30,13,31,0.59,51,100.8,Al2O3,,,0.42,0.8,1,30,69,1,31
Physical mixing,270,4.14,1.5,6000,1,29,30,13,31,0.59,51,100.8,Al2O3,,,0.42,0.8,1,30,69,1,34
Physical mixing,280,4.14,1.5,6000,1,29,30,13,31,0.59,51,100.8,Al2O3,,,0.42,0.8,1,29,70,1,37
Physical mixing,250,4.14,1.5,6000,1,29,30,13,57,0.61,78,78,Al2O3,,,0.48,0.88,1,32,67,1,31.3
Physical mixing,260,4.14,1.5,6000,1,29,30,13,57,0.61,78,78,Al2O3,,,0.48,0.88,1,31,68,1,34
Physical mixing,270,4.14,1.5,6000,1,29,30,13,57,0.61,78,78,Al2O3,,,0.48,0.88,1,30,69,1,37
Physical mixing,280,4.14,1.5,6000,1,29,30,13,57,0.61,78,78,Al2O3,,,0.48,0.88,1,30,69,1,40
Physical mixing,250,4.14,1.5,6000,1,29,30,13,39,0.59,114,54.7,Al2O3,,,0.5,0.9,1,31,68,1,59.5
Physical mixing,260,4.14,1.5,6000,1,29,30,13,39,0.59,114,54.7,Al2O3,,,0.5,0.9,1,30,69,1,62
Physical mixing,270,4.14,1.5,6000,1,29,30,13,39,0.59,114,54.7,Al2O3,,,0.5,0.9,1,30,69,1,66
Physical mixing,280,4.14,1.5,6000,1,29,30,13,39,0.59,114,54.7,Al2O3,,,0.5,0.9,1,29,70,1,69
Physical mixing,250,4.14,1.5,6000,1,29,30,13,40,0.59,85,67.3,Al2O3,,,0.47,0.87,1,32,67,1,35.8
Physical mixing,260,4.14,1.5,6000,1,29,30,13,40,0.59,85,67.3,Al2O3,,,0.47,0.87,1,31,68,1,38
Physical mixing,270,4.14,1.5,6000,1,29,30,13,40,0.59,85,67.3,Al2O3,,,0.47,0.87,1,30,69,1,41
Physical mixing,280,4.14,1.5,6000,1,29,30,13,40,0.59,85,67.3,Al2O3,,,0.47,0.87,1,30,69,1,44